// Generated by tools/gen_weather_icons.py - do not edit. 24x24 RGB565A8 flat-colour weather icons
// for the header: LVGL image descriptors, an RGB565 little-endian plane then an A8 plane.
#include <lvgl.h>

static const uint8_t wx_sun_map[] LV_ATTRIBUTE_MEM_ALIGN = {
  0x00, 0x00, 0x00, 0x00, 0x00, 0x00, 0x00, 0x00, 0x00, 0x00, 0x00, 0x00, 0x00, 0x00, 0x00, 0x00, 0x00, 0x00, 0x00, 0x00, 0x00, 0x00, 0x00, 0xf8,
  0x00, 0x00, 0x00, 0x00, 0x00, 0x00, 0x00, 0x00, 0x00, 0x00, 0x00, 0x00, 0x00, 0x00, 0x00, 0x00, 0x00, 0x00, 0x00, 0x00, 0x00, 0x00, 0x00, 0x00,
  0x00, 0x00, 0x00, 0x00, 0x00, 0x00, 0x00, 0x00, 0x00, 0x00, 0x00, 0x00, 0x00, 0x00, 0x00, 0x00, 0x00, 0x00, 0x00, 0x00, 0x00, 0x00, 0x00, 0x00,
  0x00, 0x00, 0x00, 0x00, 0x00, 0x00, 0x00, 0x00, 0x00, 0x00, 0x00, 0x00, 0x00, 0x00, 0x00, 0x00, 0x00, 0x00, 0x00, 0x00, 0x00, 0x00, 0x00, 0x00,
  0x00, 0x00, 0x00, 0x00, 0x00, 0x00, 0x00, 0x00, 0x00, 0x00, 0x40, 0xfd, 0x00, 0x00, 0x00, 0x00, 0x00, 0x00, 0x00, 0xf8, 0x00, 0x00, 0x60, 0xf4,
  0x40, 0xf4, 0x00, 0x00, 0xe0, 0xff, 0x00, 0x00, 0x00, 0x00, 0x00, 0x00, 0x40, 0xfd, 0x00, 0x00, 0x00, 0x00, 0x00, 0x00, 0x00, 0x00, 0x00, 0x00,
  0x00, 0x00, 0x00, 0x00, 0x00, 0x00, 0x00, 0x00, 0x00, 0x00, 0x00, 0x00, 0x00, 0x00, 0x00, 0x00, 0x00, 0x00, 0x00, 0xf8, 0x00, 0x00, 0x40, 0xf4,
  0x60, 0xf4, 0x00, 0x00, 0x40, 0xfd, 0x00, 0x00, 0x00, 0x00, 0x00, 0x00, 0x00, 0x00, 0x00, 0x00, 0x00, 0x00, 0x00, 0x00, 0x00, 0x00, 0x00, 0x00,
  0x00, 0x00, 0x00, 0x00, 0x00, 0x00, 0x00, 0x00, 0x00, 0x00, 0x40, 0xf4, 0x00, 0x00, 0x00, 0x00, 0x00, 0xf8, 0x00, 0xf8, 0xe0, 0xfb, 0x60, 0xf4,
  0x40, 0xf4, 0xe0, 0xfb, 0x40, 0xfd, 0x00, 0x00, 0x00, 0x00, 0x00, 0x00, 0x40, 0xf4, 0x00, 0x00, 0x00, 0x00, 0x00, 0x00, 0x00, 0x00, 0x00, 0x00,
  0x00, 0x00, 0x00, 0x00, 0xa0, 0xfa, 0x00, 0x00, 0x40, 0xf4, 0xe0, 0xfc, 0x60, 0xf4, 0x60, 0xfc, 0xe0, 0xfb, 0x40, 0xfd, 0x00, 0x00, 0x00, 0x00,
  0x00, 0x00, 0x00, 0x00, 0x40, 0xfd, 0xe0, 0xfb, 0x60, 0xfc, 0x60, 0xf4, 0xe0, 0xfc, 0x40, 0xf4, 0x00, 0x00, 0xa0, 0xfa, 0x00, 0x00, 0x00, 0x00,
  0x00, 0x00, 0x00, 0x00, 0x00, 0x00, 0xe0, 0xfb, 0x60, 0xfc, 0x60, 0xf4, 0xe0, 0xfc, 0x60, 0xf4, 0x00, 0x00, 0x00, 0x00, 0xe0, 0xfb, 0x20, 0xfc,
  0x00, 0xfc, 0xe0, 0xfb, 0x00, 0x00, 0x00, 0x00, 0x60, 0xf4, 0xe0, 0xfc, 0x60, 0xf4, 0x60, 0xfc, 0xe0, 0xfb, 0x00, 0x00, 0x00, 0x00, 0x00, 0x00,
  0x00, 0x00, 0x00, 0x00, 0x00, 0x00, 0x00, 0x00, 0x00, 0x00, 0x00, 0x00, 0x60, 0xf4, 0x00, 0x00, 0xe0, 0xeb, 0x60, 0xfc, 0xe0, 0xfc, 0x60, 0xfd,
  0x60, 0xfd, 0xe0, 0xfc, 0x60, 0xfc, 0xe0, 0xeb, 0x00, 0x00, 0x60, 0xf4, 0x00, 0x00, 0x00, 0x00, 0x00, 0x00, 0x00, 0x00, 0x00, 0x00, 0x00, 0x00,
  0x00, 0x00, 0x00, 0x00, 0x00, 0x00, 0x00, 0x00, 0x00, 0x00, 0xe0, 0xfb, 0x00, 0x00, 0xe0, 0xf3, 0x80, 0xf4, 0xe0, 0xfd, 0x00, 0xfe, 0x21, 0xfe,
  0x21, 0xfe, 0x00, 0xfe, 0xe0, 0xfd, 0x80, 0xf4, 0xe0, 0xf3, 0x00, 0x00, 0xe0, 0xfb, 0x00, 0x00, 0x00, 0x00, 0x00, 0x00, 0x00, 0x00, 0x00, 0x00,
  0x00, 0x00, 0x00, 0x00, 0x40, 0xfd, 0x40, 0xfd, 0x40, 0xfd, 0x40, 0xfd, 0xe0, 0xff, 0x40, 0xf4, 0xe0, 0xfd, 0x21, 0xfe, 0x00, 0xfe, 0x00, 0xfe,
  0x00, 0xfe, 0x00, 0xfe, 0x21, 0xfe, 0xe0, 0xfd, 0x40, 0xf4, 0xe0, 0xff, 0x40, 0xfd, 0x40, 0xfd, 0x40, 0xfd, 0x40, 0xfd, 0x00, 0x00, 0x00, 0x00,
  0x00, 0x00, 0x00, 0x00, 0x00, 0x00, 0x00, 0x00, 0x00, 0x00, 0x00, 0x00, 0xe0, 0xfb, 0xc0, 0xfc, 0x20, 0xfe, 0x00, 0xfe, 0x00, 0xfe, 0x00, 0xfe,
  0x00, 0xfe, 0x00, 0xfe, 0x00, 0xfe, 0x20, 0xfe, 0xc0, 0xfc, 0xe0, 0xfb, 0x00, 0x00, 0x00, 0x00, 0x00, 0x00, 0x00, 0x00, 0x00, 0x00, 0x00, 0x00,
  0x00, 0xf8, 0x00, 0x00, 0x60, 0xf4, 0xa0, 0xfc, 0x40, 0xf4, 0xe0, 0xff, 0x00, 0xf4, 0x60, 0xfd, 0x21, 0xfe, 0x00, 0xfe, 0x00, 0xfe, 0x00, 0xfe,
  0x00, 0xfe, 0x00, 0xfe, 0x00, 0xfe, 0x21, 0xfe, 0x60, 0xfd, 0x00, 0xf4, 0xe0, 0xff, 0x40, 0xf4, 0xa0, 0xfc, 0x60, 0xf4, 0x00, 0x00, 0x00, 0xf8,
  0x00, 0xf8, 0x00, 0x00, 0x60, 0xf4, 0x80, 0xfc, 0x40, 0xf4, 0xe0, 0xff, 0x00, 0xf4, 0x60, 0xfd, 0x21, 0xfe, 0x00, 0xfe, 0x00, 0xfe, 0x00, 0xfe,
  0x00, 0xfe, 0x00, 0xfe, 0x00, 0xfe, 0x21, 0xfe, 0x60, 0xfd, 0x00, 0xf4, 0xe0, 0xff, 0x40, 0xf4, 0x80, 0xfc, 0x60, 0xf4, 0x00, 0x00, 0x00, 0xf8,
  0x00, 0x00, 0x00, 0x00, 0x00, 0x00, 0x00, 0x00, 0x00, 0x00, 0x00, 0x00, 0xe0, 0xfb, 0xc0, 0xfc, 0x20, 0xfe, 0x00, 0xfe, 0x00, 0xfe, 0x00, 0xfe,
  0x00, 0xfe, 0x00, 0xfe, 0x00, 0xfe, 0x20, 0xfe, 0xc0, 0xfc, 0xe0, 0xfb, 0x00, 0x00, 0x00, 0x00, 0x00, 0x00, 0x00, 0x00, 0x00, 0x00, 0x00, 0x00,
  0x00, 0x00, 0x00, 0x00, 0x00, 0x00, 0x00, 0xf8, 0x00, 0x00, 0x40, 0xfd, 0xe0, 0xff, 0x40, 0xf4, 0xe0, 0xfd, 0x21, 0xfe, 0x00, 0xfe, 0x00, 0xfe,
  0x00, 0xfe, 0x00, 0xfe, 0x21, 0xfe, 0xe0, 0xfd, 0x40, 0xf4, 0xe0, 0xff, 0x40, 0xfd, 0x00, 0x00, 0x00, 0xf8, 0x00, 0x00, 0x00, 0x00, 0x00, 0x00,
  0x00, 0x00, 0x00, 0x00, 0x00, 0x00, 0x00, 0x00, 0x00, 0xf8, 0xe0, 0xfb, 0x00, 0x00, 0xe0, 0xf3, 0x80, 0xf4, 0xe0, 0xfd, 0x00, 0xfe, 0x21, 0xfe,
  0x21, 0xfe, 0x00, 0xfe, 0xe0, 0xfd, 0x80, 0xf4, 0xe0, 0xf3, 0x00, 0x00, 0xe0, 0xfb, 0x00, 0xf8, 0x00, 0x00, 0x00, 0x00, 0x00, 0x00, 0x00, 0x00,
  0x00, 0x00, 0x00, 0x00, 0x00, 0x00, 0x00, 0x00, 0x00, 0x00, 0x00, 0x00, 0x60, 0xf4, 0x00, 0x00, 0xe0, 0xeb, 0x60, 0xfc, 0xe0, 0xfc, 0x60, 0xfd,
  0x60, 0xfd, 0xe0, 0xfc, 0x60, 0xfc, 0xe0, 0xeb, 0x00, 0x00, 0x60, 0xf4, 0x00, 0x00, 0x00, 0x00, 0x00, 0x00, 0x00, 0x00, 0x00, 0x00, 0x00, 0x00,
  0x00, 0x00, 0x00, 0x00, 0x00, 0x00, 0xe0, 0xfb, 0x60, 0xfc, 0x60, 0xf4, 0xe0, 0xfc, 0x60, 0xf4, 0x00, 0x00, 0x00, 0x00, 0xe0, 0xfb, 0x00, 0xfc,
  0x20, 0xfc, 0xe0, 0xfb, 0x00, 0x00, 0x00, 0x00, 0x60, 0xf4, 0xe0, 0xfc, 0x60, 0xf4, 0x60, 0xfc, 0xe0, 0xfb, 0x00, 0x00, 0x00, 0x00, 0x00, 0x00,
  0x00, 0x00, 0x00, 0x00, 0xa0, 0xfa, 0x00, 0x00, 0x40, 0xf4, 0xe0, 0xfc, 0x60, 0xf4, 0x60, 0xfc, 0xe0, 0xfb, 0x40, 0xfd, 0x00, 0x00, 0x00, 0x00,
  0x00, 0x00, 0x00, 0x00, 0x40, 0xfd, 0xe0, 0xfb, 0x60, 0xfc, 0x60, 0xf4, 0xe0, 0xfc, 0x40, 0xf4, 0x00, 0x00, 0xa0, 0xfa, 0x00, 0x00, 0x00, 0x00,
  0x00, 0x00, 0x00, 0x00, 0x00, 0x00, 0x00, 0x00, 0x00, 0x00, 0x40, 0xf4, 0x00, 0x00, 0x00, 0x00, 0x00, 0x00, 0x40, 0xfd, 0xe0, 0xfb, 0x40, 0xf4,
  0x60, 0xf4, 0xe0, 0xfb, 0x00, 0xf8, 0x00, 0xf8, 0x00, 0x00, 0x00, 0x00, 0x40, 0xf4, 0x00, 0x00, 0x00, 0x00, 0x00, 0x00, 0x00, 0x00, 0x00, 0x00,
  0x00, 0x00, 0x00, 0x00, 0x00, 0x00, 0x00, 0x00, 0x00, 0x00, 0x00, 0x00, 0x00, 0x00, 0x00, 0x00, 0x00, 0x00, 0x40, 0xfd, 0x00, 0x00, 0x60, 0xf4,
  0x40, 0xf4, 0x00, 0x00, 0x00, 0xf8, 0x00, 0x00, 0x00, 0x00, 0x00, 0x00, 0x00, 0x00, 0x00, 0x00, 0x00, 0x00, 0x00, 0x00, 0x00, 0x00, 0x00, 0x00,
  0x00, 0x00, 0x00, 0x00, 0x00, 0x00, 0x00, 0x00, 0x00, 0x00, 0x40, 0xfd, 0x00, 0x00, 0x00, 0x00, 0x00, 0x00, 0xe0, 0xff, 0x00, 0x00, 0x40, 0xf4,
  0x60, 0xf4, 0x00, 0x00, 0x00, 0xf8, 0x00, 0x00, 0x00, 0x00, 0x00, 0x00, 0x40, 0xfd, 0x00, 0x00, 0x00, 0x00, 0x00, 0x00, 0x00, 0x00, 0x00, 0x00,
  0x00, 0x00, 0x00, 0x00, 0x00, 0x00, 0x00, 0x00, 0x00, 0x00, 0x00, 0x00, 0x00, 0x00, 0x00, 0x00, 0x00, 0x00, 0x00, 0x00, 0x00, 0x00, 0x00, 0x00,
  0x00, 0x00, 0x00, 0x00, 0x00, 0x00, 0x00, 0x00, 0x00, 0x00, 0x00, 0x00, 0x00, 0x00, 0x00, 0x00, 0x00, 0x00, 0x00, 0x00, 0x00, 0x00, 0x00, 0x00,
  0x00, 0x00, 0x00, 0x00, 0x00, 0x00, 0x00, 0x00, 0x00, 0x00, 0x00, 0x00, 0x00, 0x00, 0x00, 0x00, 0x00, 0x00, 0x00, 0x00, 0x00, 0x00, 0x00, 0x00,
  0x00, 0xf8, 0x00, 0x00, 0x00, 0x00, 0x00, 0x00, 0x00, 0x00, 0x00, 0x00, 0x00, 0x00, 0x00, 0x00, 0x00, 0x00, 0x00, 0x00, 0x00, 0x00, 0x00, 0x00,
  0x00, 0x00, 0x00, 0x00, 0x00, 0x00, 0x00, 0x00, 0x00, 0x00, 0x00, 0x01, 0x00, 0x00, 0x00, 0x00, 0x00, 0x00, 0x00, 0x00, 0x00, 0x00, 0x00, 0x00,
  0x00, 0x00, 0x00, 0x00, 0x00, 0x00, 0x00, 0x00, 0x00, 0x00, 0x00, 0x00, 0x00, 0x00, 0x00, 0x00, 0x00, 0x00, 0x00, 0x00, 0x00, 0x00, 0x00, 0x00,
  0x00, 0x00, 0x00, 0x00, 0x00, 0x03, 0x00, 0x00, 0x00, 0x01, 0x00, 0xb6, 0x92, 0x00, 0x02, 0x00, 0x00, 0x00, 0x03, 0x00, 0x00, 0x00, 0x00, 0x00,
  0x00, 0x00, 0x00, 0x00, 0x00, 0x00, 0x00, 0x00, 0x00, 0x01, 0x00, 0xed, 0xbf, 0x00, 0x03, 0x00, 0x00, 0x00, 0x00, 0x00, 0x00, 0x00, 0x00, 0x00,
  0x00, 0x00, 0x00, 0x00, 0x00, 0x3e, 0x00, 0x00, 0x01, 0x01, 0x02, 0xd3, 0xaa, 0x02, 0x03, 0x00, 0x00, 0x00, 0x3e, 0x00, 0x00, 0x00, 0x00, 0x00,
  0x00, 0x00, 0x03, 0x00, 0x3e, 0xff, 0x91, 0x09, 0x04, 0x03, 0x00, 0x00, 0x00, 0x00, 0x03, 0x04, 0x09, 0x91, 0xff, 0x3e, 0x00, 0x03, 0x00, 0x00,
  0x00, 0x00, 0x00, 0x02, 0x09, 0x91, 0xff, 0x3f, 0x00, 0x00, 0x26, 0x4f, 0x50, 0x26, 0x00, 0x00, 0x3f, 0xff, 0x91, 0x09, 0x02, 0x00, 0x00, 0x00,
  0x00, 0x00, 0x00, 0x00, 0x00, 0x00, 0x3f, 0x00, 0x1c, 0xa7, 0xfa, 0xff, 0xff, 0xfa, 0xa7, 0x1c, 0x00, 0x3f, 0x00, 0x00, 0x00, 0x00, 0x00, 0x00,
  0x00, 0x00, 0x00, 0x00, 0x00, 0x02, 0x00, 0x1a, 0xe1, 0xff, 0xff, 0xfc, 0xfc, 0xff, 0xff, 0xe1, 0x1a, 0x00, 0x02, 0x00, 0x00, 0x00, 0x00, 0x00,
  0x00, 0x00, 0x03, 0x03, 0x03, 0x03, 0x01, 0xaa, 0xff, 0xf8, 0xff, 0xff, 0xff, 0xff, 0xf8, 0xff, 0xaa, 0x01, 0x03, 0x03, 0x03, 0x03, 0x00, 0x00,
  0x00, 0x00, 0x00, 0x00, 0x00, 0x00, 0x26, 0xfc, 0xfd, 0xff, 0xff, 0xff, 0xff, 0xff, 0xff, 0xfd, 0xfc, 0x26, 0x00, 0x00, 0x00, 0x00, 0x00, 0x00,
  0x01, 0x00, 0x92, 0xb4, 0xaa, 0x01, 0x52, 0xff, 0xfc, 0xff, 0xff, 0xff, 0xff, 0xff, 0xff, 0xfc, 0xff, 0x52, 0x01, 0xaa, 0xb4, 0x92, 0x00, 0x01,
  0x01, 0x00, 0xb6, 0xe0, 0xd2, 0x01, 0x51, 0xff, 0xfc, 0xff, 0xff, 0xff, 0xff, 0xff, 0xff, 0xfc, 0xff, 0x51, 0x01, 0xd2, 0xe0, 0xb6, 0x00, 0x01,
  0x00, 0x00, 0x00, 0x00, 0x00, 0x00, 0x26, 0xfc, 0xfd, 0xff, 0xff, 0xff, 0xff, 0xff, 0xff, 0xfd, 0xfc, 0x26, 0x00, 0x00, 0x00, 0x00, 0x00, 0x00,
  0x00, 0x00, 0x00, 0x01, 0x00, 0x03, 0x01, 0xaa, 0xff, 0xf8, 0xff, 0xff, 0xff, 0xff, 0xf8, 0xff, 0xaa, 0x01, 0x03, 0x00, 0x01, 0x00, 0x00, 0x00,
  0x00, 0x00, 0x00, 0x00, 0x01, 0x02, 0x00, 0x1a, 0xe1, 0xff, 0xff, 0xfc, 0xfc, 0xff, 0xff, 0xe1, 0x1a, 0x00, 0x02, 0x01, 0x00, 0x00, 0x00, 0x00,
  0x00, 0x00, 0x00, 0x00, 0x00, 0x00, 0x3f, 0x00, 0x1c, 0xa7, 0xfa, 0xff, 0xff, 0xfa, 0xa7, 0x1c, 0x00, 0x3f, 0x00, 0x00, 0x00, 0x00, 0x00, 0x00,
  0x00, 0x00, 0x00, 0x02, 0x09, 0x91, 0xff, 0x3f, 0x00, 0x00, 0x26, 0x50, 0x4f, 0x26, 0x00, 0x00, 0x3f, 0xff, 0x91, 0x09, 0x02, 0x00, 0x00, 0x00,
  0x00, 0x00, 0x03, 0x00, 0x3e, 0xff, 0x91, 0x09, 0x04, 0x03, 0x00, 0x00, 0x00, 0x00, 0x03, 0x04, 0x09, 0x91, 0xff, 0x3e, 0x00, 0x03, 0x00, 0x00,
  0x00, 0x00, 0x00, 0x00, 0x00, 0x3e, 0x00, 0x00, 0x00, 0x03, 0x02, 0xaa, 0xd3, 0x02, 0x01, 0x01, 0x00, 0x00, 0x3e, 0x00, 0x00, 0x00, 0x00, 0x00,
  0x00, 0x00, 0x00, 0x00, 0x00, 0x00, 0x00, 0x00, 0x00, 0x03, 0x00, 0xbf, 0xed, 0x00, 0x01, 0x00, 0x00, 0x00, 0x00, 0x00, 0x00, 0x00, 0x00, 0x00,
  0x00, 0x00, 0x00, 0x00, 0x00, 0x03, 0x00, 0x00, 0x00, 0x02, 0x00, 0x92, 0xb6, 0x00, 0x01, 0x00, 0x00, 0x00, 0x03, 0x00, 0x00, 0x00, 0x00, 0x00,
  0x00, 0x00, 0x00, 0x00, 0x00, 0x00, 0x00, 0x00, 0x00, 0x00, 0x00, 0x00, 0x00, 0x00, 0x00, 0x00, 0x00, 0x00, 0x00, 0x00, 0x00, 0x00, 0x00, 0x00,
  0x00, 0x00, 0x00, 0x00, 0x00, 0x00, 0x00, 0x00, 0x00, 0x00, 0x00, 0x00, 0x01, 0x00, 0x00, 0x00, 0x00, 0x00, 0x00, 0x00, 0x00, 0x00, 0x00, 0x00,
};
const lv_image_dsc_t wx_sun = {
  .header = {.magic = LV_IMAGE_HEADER_MAGIC, .cf = LV_COLOR_FORMAT_RGB565A8, .flags = 0, .w = 24, .h = 24, .stride = 48, .reserved_2 = 0},
  .data_size = 1728,
  .data = wx_sun_map,
};

static const uint8_t wx_moon_map[] LV_ATTRIBUTE_MEM_ALIGN = {
  0x00, 0x00, 0x00, 0x00, 0x00, 0x00, 0x00, 0x00, 0x00, 0x00, 0x00, 0x00, 0x00, 0x00, 0x00, 0x00, 0x00, 0x00, 0x00, 0x00, 0x00, 0x00, 0x00, 0x00,
  0x00, 0x00, 0x00, 0x00, 0x00, 0x00, 0x00, 0x00, 0x00, 0x00, 0x00, 0x00, 0x00, 0x00, 0x00, 0x00, 0x00, 0x00, 0x00, 0x00, 0x00, 0x00, 0x00, 0x00,
  0x00, 0x00, 0x00, 0x00, 0x00, 0x00, 0x00, 0x00, 0x00, 0x00, 0x00, 0x00, 0x00, 0x00, 0x00, 0x00, 0x00, 0x00, 0x00, 0x00, 0x00, 0x00, 0x00, 0x00,
  0x00, 0x00, 0x00, 0x00, 0x00, 0x00, 0x00, 0x00, 0x00, 0x00, 0x00, 0x00, 0x00, 0x00, 0x00, 0x00, 0x00, 0x00, 0x00, 0x00, 0x00, 0x00, 0x00, 0x00,
  0x00, 0x00, 0x00, 0x00, 0x00, 0x00, 0x00, 0x00, 0x00, 0x00, 0x00, 0x00, 0x00, 0x00, 0x00, 0xf8, 0xe0, 0xff, 0x00, 0x00, 0x00, 0x00, 0x00, 0x00,
  0x00, 0x00, 0x00, 0x00, 0x00, 0x00, 0x00, 0x00, 0x00, 0x00, 0x00, 0x00, 0x00, 0x00, 0x00, 0x00, 0x00, 0x00, 0x00, 0x00, 0x00, 0x00, 0x00, 0x00,
  0x00, 0x00, 0x00, 0x00, 0x00, 0x00, 0x00, 0x00, 0x00, 0x00, 0x00, 0x00, 0xef, 0x7b, 0x00, 0x00, 0x00, 0x00, 0x00, 0x00, 0x00, 0x00, 0x00, 0x00,
  0x00, 0x00, 0x00, 0x00, 0x00, 0x00, 0x00, 0x00, 0x00, 0x00, 0x00, 0x00, 0x00, 0x00, 0x00, 0x00, 0x00, 0x00, 0x00, 0x00, 0x00, 0x00, 0x00, 0x00,
  0x00, 0x00, 0x00, 0x00, 0x00, 0x00, 0x00, 0x00, 0x00, 0x00, 0xef, 0x7b, 0x00, 0x00, 0xef, 0x7b, 0xd0, 0xbd, 0x00, 0x00, 0xe0, 0xff, 0x00, 0x00,
  0x00, 0x00, 0x00, 0x00, 0x00, 0x00, 0x00, 0x00, 0x00, 0x00, 0x00, 0x00, 0x00, 0x00, 0x00, 0x00, 0x00, 0x00, 0x00, 0x00, 0x00, 0x00, 0x00, 0x00,
  0x00, 0x00, 0x00, 0x00, 0x00, 0x00, 0x00, 0x00, 0xef, 0x7b, 0x00, 0x00, 0x6e, 0xbd, 0xf1, 0xcd, 0x32, 0xce, 0x00, 0x00, 0xef, 0xff, 0x00, 0x00,
  0x00, 0x00, 0x00, 0x00, 0x00, 0x00, 0x00, 0x00, 0x00, 0x00, 0x00, 0x00, 0x00, 0x00, 0x00, 0x00, 0x00, 0x00, 0x00, 0x00, 0x00, 0x00, 0x00, 0x00,
  0x00, 0x00, 0x00, 0x00, 0x00, 0x00, 0xef, 0x7b, 0xe0, 0xff, 0xae, 0xbd, 0x52, 0xd6, 0xd6, 0xe6, 0xff, 0xff, 0x00, 0x00, 0x00, 0x00, 0x00, 0x00,
  0x00, 0x00, 0x00, 0x00, 0x00, 0x00, 0x00, 0x00, 0x00, 0x00, 0x00, 0x00, 0x00, 0x00, 0x00, 0x00, 0x00, 0x00, 0x00, 0x00, 0x00, 0x00, 0x00, 0x00,
  0x00, 0x00, 0x00, 0x00, 0x00, 0x00, 0xef, 0xff, 0x4a, 0xad, 0xd1, 0xc5, 0xb9, 0xff, 0x7a, 0xf7, 0x00, 0x00, 0xe0, 0xff, 0x00, 0x00, 0x00, 0x00,
  0x00, 0x00, 0x00, 0x00, 0x00, 0x00, 0x00, 0x00, 0x00, 0x00, 0x00, 0x00, 0x00, 0x00, 0x00, 0x00, 0x00, 0x00, 0x00, 0x00, 0x00, 0x00, 0x00, 0x00,
  0x00, 0x00, 0x00, 0x00, 0xf5, 0xff, 0x00, 0x00, 0xb0, 0xc5, 0xf5, 0xe6, 0x7a, 0xf7, 0x38, 0xef, 0xd6, 0xde, 0xe0, 0xff, 0x00, 0x00, 0x00, 0x00,
  0x00, 0x00, 0x00, 0x00, 0x00, 0x00, 0x00, 0x00, 0x00, 0x00, 0x00, 0x00, 0x00, 0x00, 0x00, 0x00, 0x00, 0x00, 0x00, 0x00, 0x00, 0x00, 0x00, 0x00,
  0x00, 0x00, 0x00, 0x00, 0xef, 0xff, 0x00, 0x00, 0xf1, 0xc5, 0x58, 0xf7, 0x59, 0xef, 0x59, 0xef, 0x38, 0xef, 0xff, 0xff, 0xff, 0xff, 0x00, 0x00,
  0x00, 0x00, 0x00, 0x00, 0x00, 0x00, 0x00, 0x00, 0x00, 0x00, 0x00, 0x00, 0x00, 0x00, 0x00, 0x00, 0x00, 0x00, 0x00, 0x00, 0x00, 0x00, 0x00, 0x00,
  0x00, 0x00, 0xff, 0xff, 0x00, 0x00, 0x4d, 0xc5, 0x33, 0xd6, 0x59, 0xef, 0x38, 0xef, 0xda, 0xff, 0x38, 0xef, 0x00, 0x00, 0xf9, 0xff, 0x00, 0x00,
  0x00, 0x00, 0x00, 0x00, 0x00, 0x00, 0x00, 0x00, 0x00, 0x00, 0x00, 0x00, 0x00, 0x00, 0x55, 0xad, 0x00, 0x00, 0x00, 0x00, 0x00, 0x00, 0x00, 0x00,
  0x00, 0x00, 0xef, 0xff, 0x00, 0x00, 0x6e, 0xbd, 0x74, 0xd6, 0x59, 0xef, 0x38, 0xef, 0x59, 0xef, 0x79, 0xf7, 0x18, 0xe7, 0x00, 0x00, 0xf9, 0xff,
  0xe0, 0xff, 0x00, 0x00, 0x00, 0x00, 0x00, 0x00, 0x00, 0x00, 0xff, 0xff, 0xf5, 0xff, 0x00, 0x00, 0x00, 0x00, 0x00, 0x00, 0x00, 0x00, 0x00, 0x00,
  0x00, 0x00, 0xef, 0xff, 0x00, 0x00, 0x6e, 0xbd, 0x74, 0xd6, 0x59, 0xef, 0x38, 0xef, 0x38, 0xef, 0x9a, 0xf7, 0x79, 0xf7, 0x18, 0xe7, 0x00, 0x00,
  0x00, 0x00, 0xff, 0xff, 0xf7, 0xff, 0xf7, 0xff, 0x55, 0xad, 0x00, 0x00, 0x00, 0x00, 0x12, 0xce, 0xf1, 0xcd, 0x00, 0x00, 0xef, 0xfb, 0x00, 0x00,
  0x00, 0x00, 0xff, 0xff, 0x00, 0x00, 0x4d, 0xc5, 0x33, 0xd6, 0x59, 0xef, 0x38, 0xef, 0x59, 0xef, 0x38, 0xef, 0x9a, 0xf7, 0x79, 0xf7, 0x79, 0xf7,
  0x18, 0xe7, 0x00, 0x00, 0x00, 0x00, 0x00, 0x00, 0x00, 0x00, 0x59, 0xef, 0x79, 0xf7, 0x33, 0xce, 0x6e, 0xb5, 0x00, 0x00, 0xff, 0xff, 0x00, 0x00,
  0x00, 0x00, 0x00, 0x00, 0xef, 0xff, 0x00, 0x00, 0xf1, 0xc5, 0x78, 0xf7, 0x59, 0xef, 0x58, 0xef, 0x59, 0xef, 0x38, 0xef, 0x79, 0xf7, 0xba, 0xff,
  0x59, 0xef, 0x38, 0xef, 0x59, 0xef, 0x59, 0xef, 0x59, 0xef, 0x59, 0xef, 0xda, 0xff, 0xf1, 0xcd, 0x00, 0x00, 0xef, 0xff, 0x00, 0x00, 0x00, 0x00,
  0x00, 0x00, 0x00, 0x00, 0xf5, 0xff, 0x00, 0x00, 0xb0, 0xc5, 0xf5, 0xe6, 0x59, 0xef, 0x38, 0xef, 0x59, 0xef, 0x59, 0xef, 0x38, 0xef, 0x38, 0xef,
  0x79, 0xf7, 0xba, 0xff, 0xda, 0xff, 0xda, 0xff, 0xba, 0xff, 0x59, 0xef, 0xd5, 0xe6, 0xaf, 0xc5, 0x00, 0x00, 0xf5, 0xff, 0x00, 0x00, 0x00, 0x00,
  0x00, 0x00, 0x00, 0x00, 0x00, 0x00, 0xef, 0xff, 0x4a, 0xad, 0xf1, 0xc5, 0x58, 0xf7, 0x59, 0xef, 0x38, 0xef, 0x59, 0xef, 0x59, 0xef, 0x59, 0xef,
  0x39, 0xef, 0x59, 0xef, 0x38, 0xef, 0x38, 0xef, 0x59, 0xef, 0x58, 0xf7, 0xf1, 0xc5, 0xef, 0xff, 0xef, 0xff, 0x00, 0x00, 0x00, 0x00, 0x00, 0x00,
  0x00, 0x00, 0x00, 0x00, 0x00, 0x00, 0xef, 0x7b, 0xe0, 0xff, 0xaf, 0xc5, 0x32, 0xce, 0x58, 0xf7, 0x59, 0xef, 0x59, 0xef, 0x38, 0xef, 0x38, 0xef,
  0x38, 0xef, 0x38, 0xef, 0x59, 0xef, 0x59, 0xef, 0x58, 0xf7, 0x32, 0xce, 0xaf, 0xc5, 0xe0, 0xff, 0xef, 0x7b, 0x00, 0x00, 0x00, 0x00, 0x00, 0x00,
  0x00, 0x00, 0x00, 0x00, 0x00, 0x00, 0x00, 0x00, 0xef, 0x7b, 0x00, 0x00, 0x6e, 0xb5, 0x11, 0xce, 0xf5, 0xe6, 0x78, 0xf7, 0x59, 0xef, 0x59, 0xef,
  0x59, 0xef, 0x59, 0xef, 0x78, 0xf7, 0xf5, 0xe6, 0x11, 0xce, 0x6e, 0xb5, 0x00, 0x00, 0xef, 0x7b, 0x00, 0x00, 0x00, 0x00, 0x00, 0x00, 0x00, 0x00,
  0x00, 0x00, 0x00, 0x00, 0x00, 0x00, 0x00, 0x00, 0x00, 0x00, 0xef, 0x7b, 0x00, 0x00, 0x00, 0x00, 0xd0, 0xc5, 0x32, 0xce, 0x53, 0xd6, 0x74, 0xd6,
  0x74, 0xd6, 0x53, 0xd6, 0x32, 0xce, 0xd0, 0xc5, 0x00, 0x00, 0x00, 0x00, 0xef, 0x7b, 0x00, 0x00, 0x00, 0x00, 0x00, 0x00, 0x00, 0x00, 0x00, 0x00,
  0x00, 0x00, 0x00, 0x00, 0x00, 0x00, 0x00, 0x00, 0x00, 0x00, 0x00, 0x00, 0xff, 0xff, 0x00, 0x00, 0x00, 0x00, 0x00, 0x00, 0xaf, 0xc5, 0x8e, 0xbd,
  0x8e, 0xbd, 0xaf, 0xc5, 0x00, 0x00, 0x00, 0x00, 0x00, 0x00, 0xff, 0xff, 0x00, 0x00, 0x00, 0x00, 0x00, 0x00, 0x00, 0x00, 0x00, 0x00, 0x00, 0x00,
  0x00, 0x00, 0x00, 0x00, 0x00, 0x00, 0x00, 0x00, 0x00, 0x00, 0x00, 0x00, 0x00, 0x00, 0x00, 0x00, 0x55, 0xfd, 0xef, 0xfb, 0x00, 0x00, 0x00, 0x00,
  0x00, 0x00, 0x00, 0x00, 0xef, 0xfb, 0x55, 0xfd, 0x00, 0x00, 0x00, 0x00, 0x00, 0x00, 0x00, 0x00, 0x00, 0x00, 0x00, 0x00, 0x00, 0x00, 0x00, 0x00,
  0x00, 0x00, 0x00, 0x00, 0x00, 0x00, 0x00, 0x00, 0x00, 0x00, 0x00, 0x00, 0x00, 0x00, 0x00, 0x00, 0x00, 0x00, 0x00, 0x00, 0xff, 0xff, 0xef, 0xff,
  0xef, 0xff, 0xff, 0xff, 0x00, 0x00, 0x00, 0x00, 0x00, 0x00, 0x00, 0x00, 0x00, 0x00, 0x00, 0x00, 0x00, 0x00, 0x00, 0x00, 0x00, 0x00, 0x00, 0x00,
  0x00, 0x00, 0x00, 0x00, 0x00, 0x00, 0x00, 0x00, 0x00, 0x00, 0x00, 0x00, 0x00, 0x00, 0x00, 0x00, 0x00, 0x00, 0x00, 0x00, 0x00, 0x00, 0x00, 0x00,
  0x00, 0x00, 0x00, 0x00, 0x00, 0x00, 0x00, 0x00, 0x00, 0x00, 0x00, 0x00, 0x00, 0x00, 0x00, 0x00, 0x00, 0x00, 0x00, 0x00, 0x00, 0x00, 0x00, 0x00,
  0x00, 0x00, 0x00, 0x00, 0x00, 0x00, 0x00, 0x00, 0x00, 0x00, 0x00, 0x00, 0x00, 0x00, 0x00, 0x00, 0x00, 0x00, 0x00, 0x00, 0x00, 0x00, 0x00, 0x00,
  0x00, 0x00, 0x00, 0x00, 0x00, 0x00, 0x00, 0x00, 0x00, 0x00, 0x00, 0x00, 0x00, 0x00, 0x00, 0x00, 0x00, 0x00, 0x00, 0x00, 0x00, 0x00, 0x00, 0x00,
  0x00, 0x00, 0x00, 0x00, 0x00, 0x00, 0x00, 0x01, 0x01, 0x00, 0x00, 0x00, 0x00, 0x00, 0x00, 0x00, 0x00, 0x00, 0x00, 0x00, 0x00, 0x00, 0x00, 0x00,
  0x00, 0x00, 0x00, 0x00, 0x00, 0x00, 0x02, 0x00, 0x00, 0x00, 0x00, 0x00, 0x00, 0x00, 0x00, 0x00, 0x00, 0x00, 0x00, 0x00, 0x00, 0x00, 0x00, 0x00,
  0x00, 0x00, 0x00, 0x00, 0x00, 0x02, 0x00, 0x02, 0x13, 0x00, 0x01, 0x00, 0x00, 0x00, 0x00, 0x00, 0x00, 0x00, 0x00, 0x00, 0x00, 0x00, 0x00, 0x00,
  0x00, 0x00, 0x00, 0x00, 0x02, 0x00, 0x1d, 0xc4, 0x34, 0x00, 0x02, 0x00, 0x00, 0x00, 0x00, 0x00, 0x00, 0x00, 0x00, 0x00, 0x00, 0x00, 0x00, 0x00,
  0x00, 0x00, 0x00, 0x02, 0x01, 0x18, 0xe5, 0xee, 0x03, 0x00, 0x00, 0x00, 0x00, 0x00, 0x00, 0x00, 0x00, 0x00, 0x00, 0x00, 0x00, 0x00, 0x00, 0x00,
  0x00, 0x00, 0x00, 0x02, 0x03, 0xbe, 0xff, 0xc5, 0x00, 0x01, 0x00, 0x00, 0x00, 0x00, 0x00, 0x00, 0x00, 0x00, 0x00, 0x00, 0x00, 0x00, 0x00, 0x00,
  0x00, 0x00, 0x03, 0x00, 0x55, 0xff, 0xfe, 0xde, 0x07, 0x01, 0x00, 0x00, 0x00, 0x00, 0x00, 0x00, 0x00, 0x00, 0x00, 0x00, 0x00, 0x00, 0x00, 0x00,
  0x00, 0x00, 0x02, 0x00, 0xc1, 0xfe, 0xfc, 0xfc, 0x28, 0x01, 0x02, 0x00, 0x00, 0x00, 0x00, 0x00, 0x00, 0x00, 0x00, 0x00, 0x00, 0x00, 0x00, 0x00,
  0x00, 0x01, 0x00, 0x15, 0xf1, 0xff, 0xfa, 0xff, 0x82, 0x00, 0x05, 0x00, 0x00, 0x00, 0x00, 0x00, 0x00, 0x00, 0x00, 0x03, 0x00, 0x00, 0x00, 0x00,
  0x00, 0x02, 0x00, 0x30, 0xff, 0xfe, 0xfe, 0xfd, 0xf3, 0x2b, 0x00, 0x05, 0x01, 0x00, 0x00, 0x00, 0x00, 0x01, 0x03, 0x00, 0x00, 0x00, 0x00, 0x00,
  0x00, 0x02, 0x00, 0x30, 0xff, 0xfe, 0xff, 0xfd, 0xff, 0xd6, 0x21, 0x00, 0x00, 0x03, 0x04, 0x04, 0x03, 0x00, 0x00, 0x58, 0x2c, 0x00, 0x02, 0x00,
  0x00, 0x01, 0x00, 0x15, 0xf1, 0xff, 0xfe, 0xff, 0xfd, 0xff, 0xe9, 0x5c, 0x09, 0x00, 0x00, 0x00, 0x00, 0x1a, 0x90, 0xfd, 0x19, 0x00, 0x01, 0x00,
  0x00, 0x00, 0x02, 0x00, 0xc1, 0xfe, 0xfc, 0xff, 0xff, 0xfd, 0xff, 0xff, 0xdd, 0xa5, 0x80, 0x88, 0xb6, 0xed, 0xff, 0xbf, 0x00, 0x02, 0x00, 0x00,
  0x00, 0x00, 0x03, 0x00, 0x55, 0xff, 0xfb, 0xff, 0xff, 0xff, 0xfe, 0xfd, 0xff, 0xff, 0xff, 0xff, 0xff, 0xfe, 0xff, 0x55, 0x00, 0x03, 0x00, 0x00,
  0x00, 0x00, 0x00, 0x02, 0x03, 0xc1, 0xff, 0xfa, 0xff, 0xff, 0xff, 0xff, 0xfd, 0xfb, 0xfb, 0xfb, 0xf7, 0xff, 0xc1, 0x02, 0x02, 0x00, 0x00, 0x00,
  0x00, 0x00, 0x00, 0x02, 0x01, 0x19, 0xe1, 0xff, 0xfb, 0xfc, 0xfe, 0xff, 0xff, 0xfe, 0xfc, 0xfb, 0xff, 0xe1, 0x19, 0x01, 0x02, 0x00, 0x00, 0x00,
  0x00, 0x00, 0x00, 0x00, 0x02, 0x00, 0x1c, 0xbe, 0xff, 0xff, 0xff, 0xff, 0xff, 0xff, 0xff, 0xff, 0xbe, 0x1c, 0x00, 0x02, 0x00, 0x00, 0x00, 0x00,
  0x00, 0x00, 0x00, 0x00, 0x00, 0x02, 0x00, 0x00, 0x58, 0xbb, 0xef, 0xff, 0xff, 0xef, 0xbb, 0x58, 0x00, 0x00, 0x02, 0x00, 0x00, 0x00, 0x00, 0x00,
  0x00, 0x00, 0x00, 0x00, 0x00, 0x00, 0x01, 0x00, 0x00, 0x00, 0x15, 0x2f, 0x2f, 0x15, 0x00, 0x00, 0x00, 0x01, 0x00, 0x00, 0x00, 0x00, 0x00, 0x00,
  0x00, 0x00, 0x00, 0x00, 0x00, 0x00, 0x00, 0x00, 0x03, 0x02, 0x00, 0x00, 0x00, 0x00, 0x02, 0x03, 0x00, 0x00, 0x00, 0x00, 0x00, 0x00, 0x00, 0x00,
  0x00, 0x00, 0x00, 0x00, 0x00, 0x00, 0x00, 0x00, 0x00, 0x00, 0x01, 0x02, 0x02, 0x01, 0x00, 0x00, 0x00, 0x00, 0x00, 0x00, 0x00, 0x00, 0x00, 0x00,
  0x00, 0x00, 0x00, 0x00, 0x00, 0x00, 0x00, 0x00, 0x00, 0x00, 0x00, 0x00, 0x00, 0x00, 0x00, 0x00, 0x00, 0x00, 0x00, 0x00, 0x00, 0x00, 0x00, 0x00,
};
const lv_image_dsc_t wx_moon = {
  .header = {.magic = LV_IMAGE_HEADER_MAGIC, .cf = LV_COLOR_FORMAT_RGB565A8, .flags = 0, .w = 24, .h = 24, .stride = 48, .reserved_2 = 0},
  .data_size = 1728,
  .data = wx_moon_map,
};

static const uint8_t wx_cloud_sun_map[] LV_ATTRIBUTE_MEM_ALIGN = {
  0x00, 0x00, 0x00, 0x00, 0x00, 0x00, 0x00, 0x00, 0x00, 0x00, 0x00, 0x00, 0x00, 0x00, 0x00, 0x00, 0x00, 0x00, 0x00, 0x00, 0xe0, 0xfb, 0xe0, 0xfb,
  0xe0, 0xff, 0x00, 0x00, 0x20, 0xf4, 0xa0, 0xfc, 0x40, 0xf4, 0x00, 0x00, 0xe0, 0xfb, 0xe0, 0xfb, 0xe0, 0xfb, 0x00, 0x00, 0x00, 0x00, 0x00, 0x00,
  0x00, 0x00, 0x00, 0x00, 0x00, 0x00, 0x00, 0x00, 0x00, 0x00, 0x00, 0x00, 0x00, 0x00, 0x00, 0x00, 0x00, 0x00, 0x00, 0x00, 0x00, 0x00, 0x00, 0x00,
  0xe0, 0xfb, 0x00, 0x00, 0x60, 0xf4, 0x60, 0xfd, 0x60, 0xf4, 0x00, 0x00, 0xe0, 0xfb, 0x00, 0x00, 0x00, 0x00, 0x00, 0x00, 0x00, 0x00, 0x00, 0x00,
  0x00, 0x00, 0x00, 0x00, 0x00, 0x00, 0x00, 0x00, 0x00, 0x00, 0x00, 0x00, 0x00, 0x00, 0x00, 0x00, 0xe0, 0xfb, 0xe0, 0xff, 0x60, 0xf4, 0x40, 0xf4,
  0x00, 0xf8, 0xe0, 0xfb, 0xa0, 0xf4, 0xc0, 0xfc, 0x80, 0xf4, 0xe0, 0xfb, 0x00, 0x00, 0x60, 0xf4, 0x60, 0xf4, 0xe0, 0xfb, 0xe0, 0xfb, 0x00, 0x00,
  0x00, 0x00, 0x00, 0x00, 0x00, 0x00, 0x00, 0x00, 0x00, 0x00, 0x00, 0x00, 0x00, 0x00, 0x00, 0x00, 0xa0, 0xfa, 0xe0, 0xfb, 0x60, 0xf4, 0x00, 0xfd,
  0x60, 0xf4, 0x00, 0x00, 0x80, 0xf3, 0xa0, 0xfb, 0xc0, 0xf3, 0x00, 0x00, 0x60, 0xf4, 0xa0, 0xfc, 0x60, 0xf4, 0x60, 0xfc, 0xe0, 0xfb, 0x00, 0x00,
  0x00, 0x00, 0x00, 0x00, 0x00, 0x00, 0x00, 0x00, 0x00, 0x00, 0x00, 0x00, 0x00, 0x00, 0x00, 0x00, 0xe0, 0xfb, 0xef, 0x7b, 0x45, 0xd4, 0x60, 0xfc,
  0x00, 0xfd, 0x40, 0xfc, 0xc0, 0xfc, 0x00, 0xfd, 0xc0, 0xfc, 0x60, 0xfc, 0x20, 0xf4, 0x60, 0xf4, 0x40, 0xf4, 0x00, 0x00, 0xe0, 0xfb, 0x00, 0x00,
  0x00, 0x00, 0x00, 0x00, 0x00, 0x00, 0x00, 0x00, 0x00, 0x00, 0x00, 0x00, 0x00, 0x00, 0x00, 0x00, 0x00, 0x00, 0x00, 0x00, 0x00, 0x00, 0x00, 0x00,
  0x21, 0xe4, 0x81, 0xfd, 0x20, 0xfe, 0x20, 0xfe, 0x20, 0xfe, 0xc0, 0xfd, 0x40, 0xf4, 0x00, 0x00, 0x00, 0x00, 0x00, 0x00, 0x00, 0x00, 0x00, 0x00,
  0x00, 0x00, 0x00, 0x00, 0x00, 0x00, 0x00, 0x00, 0x00, 0x00, 0xff, 0xff, 0x4a, 0xad, 0x55, 0xad, 0xa0, 0xfc, 0x6e, 0x9c, 0x94, 0x84, 0x15, 0x9d,
  0x54, 0xa5, 0x54, 0xa5, 0x10, 0xa5, 0x48, 0xcd, 0x00, 0xfe, 0x40, 0xfe, 0x40, 0xfd, 0x00, 0xf4, 0xe0, 0xfb, 0x60, 0xfc, 0xc0, 0xfc, 0x00, 0x00,
  0x00, 0x00, 0x00, 0x00, 0x00, 0x00, 0x00, 0x00, 0xef, 0x7b, 0x00, 0x00, 0x00, 0x00, 0x00, 0x00, 0x49, 0xbc, 0x55, 0xa5, 0x7b, 0xc6, 0xfc, 0xd6,
  0xfd, 0xd6, 0xfc, 0xd6, 0x9c, 0xce, 0xba, 0xad, 0x10, 0xa5, 0x02, 0xf6, 0xe0, 0xfd, 0x20, 0xf4, 0x60, 0xf4, 0xe0, 0xfc, 0x60, 0xf4, 0x00, 0x00,
  0x00, 0x00, 0x00, 0x00, 0x1f, 0x00, 0x00, 0x00, 0x00, 0x00, 0xb1, 0x63, 0x32, 0x7c, 0x32, 0x74, 0x57, 0x9d, 0xfc, 0xd6, 0x1d, 0xdf, 0xfc, 0xd6,
  0xfc, 0xd6, 0xfc, 0xd6, 0xfc, 0xde, 0x3c, 0xe7, 0x3b, 0xbe, 0x11, 0xa5, 0xa1, 0xfd, 0x20, 0xf4, 0x80, 0xf4, 0xe0, 0xfc, 0x40, 0xf4, 0x00, 0x00,
  0x00, 0x00, 0xff, 0xff, 0x00, 0x00, 0xef, 0x7b, 0x93, 0x84, 0x36, 0x9d, 0x97, 0xa5, 0x97, 0xa5, 0xbb, 0xce, 0xfc, 0xde, 0xdc, 0xd6, 0xfc, 0xd6,
  0xfc, 0xd6, 0xfc, 0xd6, 0xfc, 0xd6, 0xdc, 0xd6, 0x3c, 0xdf, 0x1b, 0xb6, 0x6a, 0xbc, 0x80, 0xfc, 0x00, 0x00, 0x00, 0x00, 0x00, 0x00, 0x00, 0x00,
  0xff, 0xff, 0xef, 0x7b, 0xf2, 0x7b, 0xd4, 0x8c, 0x7a, 0xc6, 0xfc, 0xd6, 0x1c, 0xdf, 0x1c, 0xdf, 0xfc, 0xd6, 0xfc, 0xd6, 0xfc, 0xd6, 0xfc, 0xd6,
  0xfc, 0xd6, 0xfc, 0xd6, 0xfc, 0xd6, 0xfc, 0xd6, 0xfc, 0xd6, 0xfc, 0xde, 0xf5, 0x8c, 0xac, 0x8b, 0x00, 0x00, 0x40, 0xfd, 0xe0, 0xbb, 0x00, 0x00,
  0xef, 0x7b, 0x00, 0x00, 0x93, 0x84, 0x9b, 0xc6, 0x3d, 0xe7, 0xfc, 0xd6, 0xfc, 0xd6, 0xfc, 0xd6, 0xfc, 0xd6, 0xfc, 0xd6, 0xfc, 0xd6, 0xfc, 0xd6,
  0xfc, 0xd6, 0xfc, 0xd6, 0xfc, 0xd6, 0xfc, 0xd6, 0xfc, 0xd6, 0x1c, 0xdf, 0x77, 0x9d, 0x83, 0xec, 0x60, 0xfc, 0xef, 0xfb, 0xe0, 0xfb, 0x00, 0x00,
  0x00, 0x00, 0xf2, 0x73, 0x36, 0x9d, 0x1d, 0xdf, 0xfc, 0xd6, 0xfc, 0xd6, 0xfc, 0xd6, 0xfc, 0xd6, 0xfc, 0xd6, 0xfc, 0xd6, 0xfc, 0xd6, 0xfc, 0xd6,
  0xfc, 0xd6, 0xfc, 0xd6, 0xfc, 0xd6, 0xfc, 0xd6, 0xfc, 0xd6, 0x1c, 0xdf, 0x98, 0x9d, 0x44, 0xd4, 0x60, 0xfc, 0xe5, 0xeb, 0xe0, 0xff, 0x00, 0xf8,
  0x00, 0x00, 0x32, 0x7c, 0x19, 0xb6, 0x1d, 0xdf, 0xfc, 0xd6, 0xfc, 0xd6, 0xfc, 0xd6, 0xfc, 0xd6, 0xfc, 0xd6, 0xfc, 0xd6, 0xfc, 0xd6, 0xfc, 0xd6,
  0xfc, 0xd6, 0xfc, 0xd6, 0xfc, 0xd6, 0xfc, 0xd6, 0xfc, 0xd6, 0xfc, 0xde, 0xbc, 0xce, 0x14, 0x9d, 0x2d, 0xac, 0x00, 0x00, 0x4a, 0xad, 0x00, 0x00,
  0x00, 0x00, 0x53, 0x7c, 0x3a, 0xbe, 0x1d, 0xdf, 0xfc, 0xd6, 0xfc, 0xd6, 0xfc, 0xd6, 0xfc, 0xd6, 0xfc, 0xd6, 0xfc, 0xd6, 0xfc, 0xd6, 0xfc, 0xd6,
  0xfc, 0xd6, 0xfc, 0xd6, 0xfc, 0xd6, 0xfc, 0xd6, 0xfc, 0xd6, 0xfc, 0xd6, 0x3d, 0xdf, 0x9b, 0xc6, 0x94, 0x84, 0x00, 0x00, 0xf7, 0x7b, 0x00, 0x00,
  0x00, 0x00, 0x32, 0x74, 0x77, 0xa5, 0x1c, 0xdf, 0xfc, 0xd6, 0xfc, 0xd6, 0xfc, 0xd6, 0xfc, 0xd6, 0xfc, 0xd6, 0xfc, 0xd6, 0xfc, 0xd6, 0xfc, 0xd6,
  0xfc, 0xd6, 0xfc, 0xd6, 0xfc, 0xd6, 0xfc, 0xd6, 0xfc, 0xd6, 0xfc, 0xd6, 0xfc, 0xd6, 0xfc, 0xd6, 0xd4, 0x94, 0x00, 0x00, 0xff, 0xff, 0x00, 0x00,
  0xff, 0xff, 0x00, 0x00, 0xd4, 0x8c, 0xdc, 0xd6, 0xfc, 0xde, 0xfc, 0xd6, 0xfc, 0xd6, 0xfc, 0xd6, 0xfc, 0xd6, 0xfc, 0xd6, 0xfc, 0xd6, 0xfc, 0xd6,
  0xfc, 0xd6, 0xfc, 0xd6, 0xfc, 0xd6, 0xfc, 0xd6, 0xfc, 0xd6, 0xfc, 0xd6, 0xfc, 0xd6, 0xfc, 0xd6, 0xf5, 0x94, 0x00, 0x00, 0xff, 0xff, 0x00, 0x00,
  0x00, 0x00, 0x2e, 0x53, 0x36, 0x9d, 0x1c, 0xdf, 0xdc, 0xd6, 0xfc, 0xd6, 0xfc, 0xd6, 0xfc, 0xd6, 0xfc, 0xd6, 0xfc, 0xd6, 0xfc, 0xd6, 0xfc, 0xd6,
  0xfc, 0xd6, 0xfc, 0xd6, 0xfc, 0xd6, 0xfc, 0xd6, 0xfc, 0xd6, 0xdc, 0xd6, 0x1d, 0xdf, 0xbc, 0xce, 0x94, 0x84, 0x00, 0x00, 0xef, 0x7b, 0x00, 0x00,
  0xff, 0xff, 0xef, 0x53, 0xf5, 0x94, 0x1d, 0xdf, 0x3d, 0xdf, 0x1d, 0xdf, 0x1d, 0xdf, 0x1d, 0xdf, 0x1d, 0xdf, 0x1d, 0xdf, 0x1d, 0xdf, 0x1d, 0xdf,
  0x1d, 0xdf, 0x1d, 0xdf, 0x1d, 0xdf, 0x1d, 0xdf, 0xfc, 0xde, 0x1d, 0xdf, 0xfc, 0xd6, 0x36, 0x9d, 0x73, 0x7c, 0x00, 0x00, 0xff, 0x7b, 0x00, 0x00,
  0x55, 0xad, 0x00, 0x00, 0x93, 0x84, 0x77, 0xa5, 0x9b, 0xc6, 0x9b, 0xc6, 0x9b, 0xc6, 0x9b, 0xce, 0x9b, 0xce, 0x9b, 0xce, 0x9b, 0xce, 0x9b, 0xce,
  0x9b, 0xce, 0x9b, 0xce, 0x9b, 0xc6, 0xbb, 0xce, 0xdc, 0xd6, 0x9b, 0xc6, 0x36, 0x9d, 0x52, 0x7c, 0x00, 0x00, 0xef, 0x7b, 0x00, 0x00, 0x00, 0x00,
  0x00, 0x00, 0xff, 0xff, 0x00, 0x00, 0x32, 0x7c, 0xb4, 0x8c, 0x93, 0x84, 0x93, 0x84, 0x93, 0x84, 0x93, 0x84, 0x93, 0x84, 0x93, 0x84, 0x93, 0x84,
  0x93, 0x84, 0x73, 0x84, 0x93, 0x84, 0xb4, 0x8c, 0xd5, 0x8c, 0xb4, 0x84, 0x32, 0x7c, 0x00, 0x00, 0xef, 0x7b, 0x00, 0x00, 0x00, 0x00, 0x00, 0x00,
  0x00, 0x00, 0x00, 0x00, 0xef, 0x7b, 0x00, 0x00, 0x00, 0x00, 0x00, 0x00, 0x00, 0x00, 0x00, 0x00, 0x00, 0x00, 0x00, 0x00, 0x00, 0x00, 0x00, 0x00,
  0x00, 0x00, 0x00, 0x00, 0x00, 0x00, 0x00, 0x00, 0x00, 0x00, 0x00, 0x00, 0x00, 0x00, 0xef, 0x7b, 0x00, 0x00, 0x00, 0x00, 0x00, 0x00, 0x00, 0x00,
  0x00, 0x00, 0x00, 0x00, 0x00, 0x00, 0xef, 0x7b, 0xf7, 0x7d, 0xf7, 0x7d, 0xf7, 0x7d, 0xf7, 0x7d, 0xf7, 0x7d, 0xf7, 0x7d, 0xf7, 0x7d, 0xf7, 0x7d,
  0xf7, 0x7d, 0xf7, 0x7d, 0xf7, 0x7d, 0xf7, 0x7b, 0x55, 0xad, 0xf7, 0x7b, 0xef, 0x7b, 0x00, 0x00, 0x00, 0x00, 0x00, 0x00, 0x00, 0x00, 0x00, 0x00,
  0x00, 0x00, 0x00, 0x00, 0x00, 0x00, 0x00, 0x00, 0x00, 0x00, 0x00, 0x00, 0x00, 0x00, 0x00, 0x00, 0x00, 0x00, 0x00, 0x00, 0x00, 0x00, 0x00, 0x00,
  0x00, 0x00, 0x00, 0x00, 0x00, 0x00, 0x00, 0x00, 0x00, 0x00, 0x00, 0x00, 0x00, 0x00, 0x00, 0x00, 0x00, 0x00, 0x00, 0x00, 0x00, 0x00, 0x00, 0x00,
  0x00, 0x00, 0x00, 0x00, 0x00, 0x00, 0x00, 0x00, 0x00, 0x00, 0x02, 0x02, 0x01, 0x00, 0x17, 0x84, 0x2c, 0x00, 0x02, 0x02, 0x02, 0x00, 0x00, 0x00,
  0x00, 0x00, 0x00, 0x00, 0x00, 0x00, 0x00, 0x00, 0x00, 0x00, 0x00, 0x00, 0x02, 0x00, 0x33, 0xff, 0x61, 0x00, 0x04, 0x00, 0x00, 0x00, 0x00, 0x00,
  0x00, 0x00, 0x00, 0x00, 0x00, 0x00, 0x00, 0x00, 0x02, 0x01, 0x83, 0x91, 0x01, 0x04, 0x11, 0x71, 0x23, 0x04, 0x00, 0x6f, 0xa0, 0x06, 0x02, 0x00,
  0x00, 0x00, 0x00, 0x00, 0x00, 0x00, 0x00, 0x00, 0x03, 0x02, 0xa0, 0xff, 0x3d, 0x00, 0x12, 0x1c, 0x15, 0x00, 0x1d, 0xff, 0xcb, 0x09, 0x02, 0x01,
  0x00, 0x00, 0x00, 0x00, 0x00, 0x00, 0x00, 0x00, 0x02, 0x02, 0x0b, 0x65, 0x0b, 0x87, 0xed, 0xff, 0xf4, 0xa1, 0x11, 0x5f, 0x1c, 0x00, 0x02, 0x00,
  0x00, 0x00, 0x00, 0x00, 0x00, 0x00, 0x00, 0x00, 0x00, 0x00, 0x00, 0x00, 0x92, 0xff, 0xff, 0xfe, 0xff, 0xff, 0xb8, 0x00, 0x00, 0x00, 0x00, 0x00,
  0x00, 0x00, 0x00, 0x00, 0x00, 0x01, 0x03, 0x03, 0x0c, 0x27, 0x90, 0xd5, 0xff, 0xfc, 0xfe, 0xff, 0xfe, 0xfa, 0xff, 0x4c, 0x04, 0x10, 0x0a, 0x00,
  0x00, 0x00, 0x00, 0x01, 0x04, 0x00, 0x00, 0x00, 0xa0, 0xfb, 0xff, 0xff, 0xfe, 0xff, 0xff, 0xff, 0xff, 0xfb, 0xfd, 0x71, 0x41, 0xff, 0xca, 0x00,
  0x00, 0x00, 0x01, 0x00, 0x00, 0x0d, 0x2e, 0x54, 0xf4, 0xff, 0xfb, 0xfd, 0xff, 0xff, 0xff, 0xff, 0xff, 0xfb, 0xff, 0x66, 0x21, 0x86, 0x68, 0x00,
  0x00, 0x01, 0x00, 0x08, 0x80, 0xe2, 0xff, 0xff, 0xff, 0xfe, 0xff, 0xff, 0xff, 0xff, 0xff, 0xff, 0xfe, 0xfe, 0xef, 0x1e, 0x00, 0x00, 0x00, 0x00,
  0x01, 0x02, 0x0c, 0xc4, 0xff, 0xff, 0xff, 0xfe, 0xfe, 0xff, 0xff, 0xff, 0xff, 0xff, 0xff, 0xff, 0xfd, 0xff, 0xdb, 0x0d, 0x00, 0x03, 0x04, 0x00,
  0x04, 0x00, 0x92, 0xff, 0xf8, 0xfe, 0xff, 0xff, 0xff, 0xff, 0xff, 0xff, 0xff, 0xff, 0xff, 0xff, 0xff, 0xff, 0xf9, 0xe2, 0x7a, 0x04, 0x02, 0x00,
  0x00, 0x1c, 0xf7, 0xfc, 0xfe, 0xff, 0xff, 0xff, 0xff, 0xff, 0xff, 0xff, 0xff, 0xff, 0xff, 0xff, 0xff, 0xff, 0xfc, 0xf8, 0xd0, 0x0c, 0x01, 0x01,
  0x00, 0x50, 0xff, 0xfc, 0xff, 0xff, 0xff, 0xff, 0xff, 0xff, 0xff, 0xff, 0xff, 0xff, 0xff, 0xff, 0xff, 0xfe, 0xfd, 0xf1, 0x2c, 0x00, 0x03, 0x00,
  0x00, 0x57, 0xff, 0xfc, 0xff, 0xff, 0xff, 0xff, 0xff, 0xff, 0xff, 0xff, 0xff, 0xff, 0xff, 0xff, 0xff, 0xff, 0xfb, 0xff, 0x85, 0x00, 0x04, 0x00,
  0x00, 0x30, 0xfd, 0xfe, 0xff, 0xff, 0xff, 0xff, 0xff, 0xff, 0xff, 0xff, 0xff, 0xff, 0xff, 0xff, 0xff, 0xff, 0xfd, 0xff, 0xcd, 0x00, 0x01, 0x00,
  0x01, 0x01, 0xce, 0xff, 0xfd, 0xff, 0xff, 0xff, 0xff, 0xff, 0xff, 0xff, 0xff, 0xff, 0xff, 0xff, 0xff, 0xff, 0xfd, 0xfe, 0xd1, 0x00, 0x01, 0x00,
  0x00, 0x0f, 0xe9, 0xfe, 0xfe, 0xff, 0xff, 0xff, 0xff, 0xff, 0xff, 0xff, 0xff, 0xff, 0xff, 0xff, 0xff, 0xff, 0xfa, 0xff, 0x99, 0x00, 0x04, 0x00,
  0x01, 0x06, 0xdd, 0xff, 0xf9, 0xfb, 0xfb, 0xfb, 0xfb, 0xfb, 0xfb, 0xfb, 0xfb, 0xfb, 0xfb, 0xfb, 0xfc, 0xfa, 0xff, 0xfa, 0x2d, 0x01, 0x02, 0x00,
  0x03, 0x00, 0x53, 0xfa, 0xff, 0xff, 0xff, 0xff, 0xff, 0xff, 0xff, 0xff, 0xff, 0xff, 0xff, 0xff, 0xff, 0xff, 0xf3, 0x4c, 0x00, 0x02, 0x00, 0x00,
  0x00, 0x01, 0x00, 0x2e, 0x78, 0x7e, 0x7f, 0x7f, 0x7f, 0x7f, 0x7f, 0x7f, 0x7f, 0x80, 0x7f, 0x94, 0xa9, 0x7f, 0x22, 0x00, 0x02, 0x00, 0x00, 0x00,
  0x00, 0x00, 0x02, 0x00, 0x00, 0x00, 0x00, 0x00, 0x00, 0x00, 0x00, 0x00, 0x00, 0x00, 0x00, 0x00, 0x00, 0x00, 0x00, 0x02, 0x00, 0x00, 0x00, 0x00,
  0x00, 0x00, 0x00, 0x02, 0x04, 0x04, 0x04, 0x04, 0x04, 0x04, 0x04, 0x04, 0x04, 0x04, 0x04, 0x04, 0x03, 0x04, 0x02, 0x00, 0x00, 0x00, 0x00, 0x00,
  0x00, 0x00, 0x00, 0x00, 0x00, 0x00, 0x00, 0x00, 0x00, 0x00, 0x00, 0x00, 0x00, 0x00, 0x00, 0x00, 0x00, 0x00, 0x00, 0x00, 0x00, 0x00, 0x00, 0x00,
};
const lv_image_dsc_t wx_cloud_sun = {
  .header = {.magic = LV_IMAGE_HEADER_MAGIC, .cf = LV_COLOR_FORMAT_RGB565A8, .flags = 0, .w = 24, .h = 24, .stride = 48, .reserved_2 = 0},
  .data_size = 1728,
  .data = wx_cloud_sun_map,
};

static const uint8_t wx_cloud_moon_map[] LV_ATTRIBUTE_MEM_ALIGN = {
  0x00, 0x00, 0x00, 0x00, 0x00, 0x00, 0x00, 0x00, 0x00, 0x00, 0x00, 0x00, 0x00, 0x00, 0x00, 0x00, 0x00, 0x00, 0x00, 0x00, 0x00, 0x00, 0x00, 0x00,
  0x4a, 0xad, 0x00, 0x00, 0x00, 0x00, 0x00, 0x00, 0x00, 0x00, 0x00, 0x00, 0x00, 0x00, 0x00, 0x00, 0x00, 0x00, 0x00, 0x00, 0x00, 0x00, 0x00, 0x00,
  0x00, 0x00, 0x00, 0x00, 0x00, 0x00, 0x00, 0x00, 0x00, 0x00, 0x00, 0x00, 0x00, 0x00, 0x00, 0x00, 0x00, 0x00, 0x00, 0x00, 0x00, 0x00, 0x4a, 0xad,
  0x00, 0x00, 0xb0, 0xc5, 0x12, 0xce, 0x00, 0x00, 0xff, 0xff, 0x00, 0x00, 0x00, 0x00, 0x00, 0x00, 0x00, 0x00, 0x00, 0x00, 0x00, 0x00, 0x00, 0x00,
  0x00, 0x00, 0x00, 0x00, 0x00, 0x00, 0x00, 0x00, 0x00, 0x00, 0x00, 0x00, 0x00, 0x00, 0x00, 0x00, 0x00, 0x00, 0x00, 0x00, 0x4a, 0xad, 0x00, 0x00,
  0xd0, 0xc5, 0x12, 0xce, 0x31, 0xc6, 0xe0, 0xff, 0x00, 0x00, 0x00, 0x00, 0x00, 0x00, 0x00, 0x00, 0x00, 0x00, 0x00, 0x00, 0x00, 0x00, 0x00, 0x00,
  0x00, 0x00, 0x00, 0x00, 0x00, 0x00, 0x00, 0x00, 0x00, 0x00, 0x00, 0x00, 0x00, 0x00, 0x00, 0x00, 0x00, 0x00, 0x4a, 0xad, 0x00, 0x00, 0xaf, 0xbd,
  0x36, 0xef, 0x59, 0xef, 0x00, 0x00, 0xff, 0xff, 0x00, 0x00, 0x00, 0x00, 0x00, 0x00, 0x00, 0x00, 0x00, 0x00, 0x00, 0x00, 0x00, 0x00, 0x00, 0x00,
  0x00, 0x00, 0x00, 0x00, 0x00, 0x00, 0x00, 0x00, 0x00, 0x00, 0x00, 0x00, 0x00, 0x00, 0x00, 0x00, 0x00, 0x00, 0xff, 0xff, 0xeb, 0xbc, 0xf1, 0xcd,
  0xda, 0xff, 0x59, 0xef, 0x00, 0x00, 0xff, 0xff, 0x00, 0x00, 0x00, 0x00, 0x00, 0x00, 0x00, 0x00, 0x00, 0x00, 0x00, 0x00, 0x00, 0x00, 0x00, 0x00,
  0x00, 0x00, 0x00, 0x00, 0x00, 0x00, 0x00, 0x00, 0x00, 0x00, 0x00, 0x00, 0x00, 0x00, 0x00, 0x00, 0xef, 0xbd, 0x55, 0xad, 0xaf, 0xbd, 0xd5, 0xe6,
  0x9a, 0xf7, 0x58, 0xef, 0xf7, 0xdd, 0x4a, 0xad, 0xff, 0xff, 0x00, 0x00, 0x00, 0x00, 0x00, 0x00, 0x00, 0x00, 0x00, 0x00, 0xef, 0xff, 0x00, 0x00,
  0x00, 0x00, 0x00, 0x00, 0x00, 0x00, 0x00, 0x00, 0x00, 0x00, 0x00, 0x00, 0x00, 0x00, 0xff, 0xff, 0xef, 0xff, 0x00, 0x00, 0xd0, 0xc5, 0x17, 0xe7,
  0x18, 0xe7, 0xda, 0xff, 0xba, 0xff, 0x00, 0x00, 0xd6, 0xde, 0xff, 0xff, 0x00, 0x00, 0x00, 0x00, 0xff, 0xff, 0xff, 0xff, 0x00, 0x00, 0x00, 0x00,
  0x00, 0x00, 0x00, 0x00, 0x00, 0x00, 0x00, 0x00, 0x00, 0x00, 0xff, 0xff, 0x55, 0xad, 0x00, 0x00, 0x8e, 0x73, 0x93, 0x84, 0x15, 0x9d, 0x76, 0xa5,
  0x56, 0xa5, 0x76, 0xa5, 0x37, 0xc6, 0x18, 0xe7, 0x00, 0x00, 0x00, 0x00, 0x00, 0x00, 0x00, 0x00, 0x00, 0x00, 0x00, 0x00, 0xf1, 0xc5, 0xd1, 0xc5,
  0x00, 0x00, 0x00, 0x00, 0x00, 0x00, 0xef, 0x7b, 0xef, 0x7b, 0x00, 0x00, 0x00, 0x00, 0x33, 0x7c, 0xf5, 0x94, 0x5a, 0xbe, 0xdc, 0xd6, 0xfc, 0xd6,
  0xfc, 0xd6, 0x9b, 0xce, 0xd8, 0xad, 0x56, 0xa5, 0xf8, 0xe6, 0xfa, 0xff, 0x00, 0x00, 0x00, 0x00, 0x79, 0xef, 0x79, 0xf7, 0x32, 0xce, 0x8e, 0xc5,
  0x00, 0x00, 0x00, 0x00, 0xef, 0x7b, 0x00, 0x00, 0x00, 0x00, 0xf2, 0x6b, 0x32, 0x74, 0xb4, 0x8c, 0xdc, 0xd6, 0x3d, 0xdf, 0xfc, 0xd6, 0xfc, 0xd6,
  0xfc, 0xd6, 0x1c, 0xdf, 0x3d, 0xdf, 0x5a, 0xc6, 0xd7, 0xad, 0x38, 0xef, 0x59, 0xef, 0x38, 0xef, 0x59, 0xef, 0xfa, 0xff, 0xf1, 0xc5, 0x00, 0x00,
  0x00, 0x00, 0xef, 0x7b, 0x00, 0x00, 0x32, 0x7c, 0xf5, 0x8c, 0x77, 0xa5, 0x97, 0xa5, 0x5a, 0xbe, 0x1d, 0xdf, 0xdc, 0xd6, 0xfc, 0xd6, 0xfc, 0xd6,
  0xfc, 0xd6, 0xfc, 0xd6, 0xdc, 0xd6, 0x3d, 0xdf, 0xb8, 0xad, 0x16, 0xbe, 0xba, 0xff, 0x7a, 0xf7, 0x79, 0xf7, 0x73, 0xd6, 0xaf, 0xc5, 0xe0, 0xff,
  0x55, 0xad, 0x00, 0x00, 0x53, 0x7c, 0x56, 0x9d, 0xdc, 0xd6, 0x1c, 0xdf, 0x1c, 0xdf, 0x1c, 0xdf, 0xfc, 0xd6, 0xfc, 0xd6, 0xfc, 0xd6, 0xfc, 0xd6,
  0xfc, 0xd6, 0xfc, 0xd6, 0xfc, 0xd6, 0xfc, 0xde, 0xbb, 0xce, 0x55, 0xa5, 0x59, 0xef, 0x58, 0xef, 0xb4, 0xde, 0xb0, 0xc5, 0x00, 0x00, 0x4a, 0xad,
  0xff, 0xff, 0xef, 0x6b, 0xf5, 0x94, 0xfc, 0xd6, 0x1d, 0xdf, 0xfc, 0xd6, 0xfc, 0xd6, 0xfc, 0xd6, 0xfc, 0xd6, 0xfc, 0xd6, 0xfc, 0xd6, 0xfc, 0xd6,
  0xfc, 0xd6, 0xfc, 0xd6, 0xfc, 0xd6, 0xfc, 0xd6, 0xfc, 0xd6, 0x35, 0x9d, 0x74, 0xd6, 0x52, 0xd6, 0xb0, 0xc5, 0x00, 0x00, 0x55, 0xad, 0x00, 0x00,
  0x00, 0x00, 0x52, 0x7c, 0x19, 0xbe, 0x1d, 0xdf, 0xdc, 0xd6, 0xfc, 0xd6, 0xfc, 0xd6, 0xfc, 0xd6, 0xfc, 0xd6, 0xfc, 0xd6, 0xfc, 0xd6, 0xfc, 0xd6,
  0xfc, 0xd6, 0xfc, 0xd6, 0xfc, 0xd6, 0xfc, 0xd6, 0x1c, 0xdf, 0xd8, 0xad, 0xd1, 0x94, 0xe0, 0xfb, 0x00, 0x00, 0xef, 0xff, 0x00, 0x00, 0x00, 0x00,
  0x00, 0x00, 0x93, 0x84, 0x9b, 0xce, 0x1d, 0xdf, 0xfc, 0xd6, 0xfc, 0xd6, 0xfc, 0xd6, 0xfc, 0xd6, 0xfc, 0xd6, 0xfc, 0xd6, 0xfc, 0xd6, 0xfc, 0xd6,
  0xfc, 0xd6, 0xfc, 0xd6, 0xfc, 0xd6, 0xfc, 0xd6, 0xfc, 0xd6, 0xfc, 0xd6, 0x57, 0x9d, 0x53, 0x74, 0x55, 0xad, 0xff, 0x7b, 0x00, 0x00, 0x00, 0x00,
  0x00, 0x00, 0x73, 0x84, 0x7b, 0xc6, 0x1d, 0xdf, 0xfc, 0xd6, 0xfc, 0xd6, 0xfc, 0xd6, 0xfc, 0xd6, 0xfc, 0xd6, 0xfc, 0xd6, 0xfc, 0xd6, 0xfc, 0xd6,
  0xfc, 0xd6, 0xfc, 0xd6, 0xfc, 0xd6, 0xfc, 0xd6, 0xfc, 0xd6, 0x1d, 0xdf, 0xbb, 0xce, 0x93, 0x84, 0x00, 0x00, 0xf7, 0x7d, 0x00, 0x00, 0x00, 0x00,
  0x00, 0x00, 0x32, 0x7c, 0x77, 0xa5, 0xfc, 0xde, 0xfc, 0xd6, 0xfc, 0xd6, 0xfc, 0xd6, 0xfc, 0xd6, 0xfc, 0xd6, 0xfc, 0xd6, 0xfc, 0xd6, 0xfc, 0xd6,
  0xfc, 0xd6, 0xfc, 0xd6, 0xfc, 0xd6, 0xfc, 0xd6, 0xfc, 0xd6, 0x1c, 0xdf, 0xdc, 0xd6, 0xb4, 0x8c, 0x00, 0x00, 0x55, 0xad, 0x00, 0x00, 0x00, 0x00,
  0x00, 0x00, 0xb1, 0x6b, 0x56, 0x9d, 0xfc, 0xde, 0xfc, 0xd6, 0xfc, 0xd6, 0xfc, 0xd6, 0xfc, 0xd6, 0xfc, 0xd6, 0xfc, 0xd6, 0xfc, 0xd6, 0xfc, 0xd6,
  0xfc, 0xd6, 0xfc, 0xd6, 0xfc, 0xd6, 0xfc, 0xd6, 0xdc, 0xd6, 0x1d, 0xdf, 0xbb, 0xce, 0x94, 0x84, 0x00, 0x00, 0xf7, 0x7d, 0x00, 0x00, 0x00, 0x00,
  0x00, 0x00, 0xf1, 0x73, 0x97, 0xa5, 0x3d, 0xdf, 0x1c, 0xdf, 0x1c, 0xdf, 0x1c, 0xdf, 0x1c, 0xdf, 0x1c, 0xdf, 0x1c, 0xdf, 0x1c, 0xdf, 0x1c, 0xdf,
  0x1c, 0xdf, 0x1c, 0xdf, 0x1c, 0xdf, 0xfc, 0xd6, 0x1c, 0xdf, 0xfc, 0xde, 0x56, 0x9d, 0x53, 0x7c, 0x00, 0x00, 0xff, 0x7b, 0x00, 0x00, 0x00, 0x00,
  0xef, 0x7b, 0x00, 0x00, 0xb4, 0x8c, 0x7b, 0xc6, 0xdc, 0xd6, 0xdc, 0xd6, 0xdc, 0xd6, 0xdc, 0xd6, 0xdc, 0xd6, 0xdc, 0xd6, 0xdc, 0xd6, 0xdc, 0xd6,
  0xdc, 0xd6, 0xdc, 0xd6, 0xdc, 0xd6, 0xfc, 0xd6, 0xdc, 0xce, 0x77, 0xa5, 0x73, 0x84, 0x00, 0x00, 0xff, 0x7b, 0x00, 0x00, 0x00, 0x00, 0x00, 0x00,
  0xff, 0xff, 0x1f, 0x00, 0x92, 0x6c, 0x94, 0x84, 0xd4, 0x8c, 0xb4, 0x8c, 0xb4, 0x8c, 0xb4, 0x8c, 0xb4, 0x8c, 0xb4, 0x8c, 0xb4, 0x8c, 0xb4, 0x8c,
  0xb4, 0x8c, 0xb4, 0x8c, 0xd4, 0x8c, 0x15, 0x95, 0xd5, 0x8c, 0x52, 0x7c, 0x00, 0x00, 0xff, 0x7f, 0x00, 0x00, 0x00, 0x00, 0x00, 0x00, 0x00, 0x00,
  0x00, 0x00, 0x00, 0x00, 0x00, 0x00, 0x00, 0x00, 0x00, 0x00, 0x00, 0x00, 0x00, 0x00, 0x00, 0x00, 0x00, 0x00, 0x00, 0x00, 0x00, 0x00, 0x00, 0x00,
  0x00, 0x00, 0x00, 0x00, 0x00, 0x00, 0x00, 0x00, 0x00, 0x00, 0x00, 0x00, 0xef, 0x7b, 0x00, 0x00, 0x00, 0x00, 0x00, 0x00, 0x00, 0x00, 0x00, 0x00,
  0x00, 0x00, 0x00, 0x00, 0x00, 0x00, 0xf7, 0x7b, 0x55, 0xad, 0x55, 0xad, 0x55, 0xad, 0x55, 0xad, 0x55, 0xad, 0x55, 0xad, 0x55, 0xad, 0x55, 0xad,
  0x55, 0xad, 0x55, 0xad, 0xef, 0x7b, 0x00, 0x00, 0x55, 0xad, 0x55, 0x55, 0x00, 0x00, 0x00, 0x00, 0x00, 0x00, 0x00, 0x00, 0x00, 0x00, 0x00, 0x00,
  0x00, 0x00, 0x00, 0x00, 0x00, 0x00, 0x00, 0x00, 0x00, 0x00, 0x00, 0x00, 0x00, 0x00, 0x00, 0x00, 0x00, 0x00, 0x00, 0x00, 0x00, 0x00, 0x00, 0x00,
  0x00, 0x00, 0x00, 0x00, 0x00, 0x00, 0x00, 0x00, 0x00, 0x00, 0x00, 0x00, 0x00, 0x00, 0x00, 0x00, 0x00, 0x00, 0x00, 0x00, 0x00, 0x00, 0x00, 0x00,
  0x00, 0x00, 0x00, 0x00, 0x00, 0x00, 0x00, 0x00, 0x00, 0x00, 0x00, 0x00, 0x03, 0x00, 0x00, 0x00, 0x00, 0x00, 0x00, 0x00, 0x00, 0x00, 0x00, 0x00,
  0x00, 0x00, 0x00, 0x00, 0x00, 0x00, 0x00, 0x00, 0x00, 0x00, 0x00, 0x03, 0x00, 0x3d, 0x1e, 0x00, 0x01, 0x00, 0x00, 0x00, 0x00, 0x00, 0x00, 0x00,
  0x00, 0x00, 0x00, 0x00, 0x00, 0x00, 0x00, 0x00, 0x00, 0x00, 0x03, 0x00, 0x76, 0xd8, 0x09, 0x01, 0x00, 0x00, 0x00, 0x00, 0x00, 0x00, 0x00, 0x00,
  0x00, 0x00, 0x00, 0x00, 0x00, 0x00, 0x00, 0x00, 0x00, 0x03, 0x00, 0x4b, 0xff, 0xa7, 0x00, 0x03, 0x00, 0x00, 0x00, 0x00, 0x00, 0x00, 0x00, 0x00,
  0x00, 0x00, 0x00, 0x00, 0x00, 0x00, 0x00, 0x00, 0x00, 0x01, 0x08, 0xdd, 0xfd, 0xaa, 0x00, 0x03, 0x00, 0x00, 0x00, 0x00, 0x00, 0x00, 0x00, 0x00,
  0x00, 0x00, 0x00, 0x00, 0x00, 0x00, 0x00, 0x00, 0x04, 0x03, 0x42, 0xff, 0xfe, 0xe2, 0x08, 0x03, 0x01, 0x00, 0x00, 0x00, 0x00, 0x00, 0x02, 0x01,
  0x00, 0x00, 0x00, 0x00, 0x00, 0x00, 0x00, 0x01, 0x02, 0x00, 0x74, 0xfe, 0xf7, 0xff, 0x6d, 0x00, 0x07, 0x01, 0x00, 0x00, 0x01, 0x03, 0x00, 0x00,
  0x00, 0x00, 0x00, 0x00, 0x00, 0x01, 0x03, 0x00, 0x09, 0x6b, 0xdb, 0xfe, 0xfd, 0xfd, 0xf3, 0x3b, 0x00, 0x00, 0x00, 0x00, 0x00, 0x00, 0x3e, 0x2c,
  0x00, 0x00, 0x00, 0x02, 0x02, 0x00, 0x00, 0x17, 0xcb, 0xff, 0xff, 0xff, 0xff, 0xfe, 0xff, 0xf7, 0x7f, 0x1d, 0x00, 0x00, 0x1c, 0x82, 0xe9, 0x1a,
  0x00, 0x00, 0x02, 0x00, 0x00, 0x1c, 0x34, 0xce, 0xff, 0xfa, 0xfe, 0xff, 0xff, 0xff, 0xfe, 0xff, 0xff, 0xf4, 0xd1, 0xd1, 0xf0, 0xff, 0xb2, 0x00,
  0x00, 0x02, 0x00, 0x35, 0xb7, 0xf1, 0xff, 0xff, 0xfd, 0xff, 0xff, 0xff, 0xff, 0xff, 0xff, 0xfe, 0xfb, 0xff, 0xff, 0xff, 0xff, 0xfb, 0x38, 0x01,
  0x03, 0x00, 0x43, 0xf8, 0xff, 0xff, 0xfe, 0xfd, 0xff, 0xff, 0xff, 0xff, 0xff, 0xff, 0xff, 0xff, 0xff, 0xfe, 0xfd, 0xff, 0xff, 0x6b, 0x00, 0x03,
  0x01, 0x0c, 0xe1, 0xff, 0xfa, 0xfe, 0xff, 0xff, 0xff, 0xff, 0xff, 0xff, 0xff, 0xff, 0xff, 0xff, 0xff, 0xfe, 0xf9, 0xda, 0x51, 0x00, 0x03, 0x00,
  0x00, 0x56, 0xff, 0xfb, 0xff, 0xff, 0xff, 0xff, 0xff, 0xff, 0xff, 0xff, 0xff, 0xff, 0xff, 0xff, 0xfc, 0xff, 0xa2, 0x02, 0x00, 0x02, 0x00, 0x00,
  0x00, 0x81, 0xfe, 0xfb, 0xff, 0xff, 0xff, 0xff, 0xff, 0xff, 0xff, 0xff, 0xff, 0xff, 0xff, 0xff, 0xfe, 0xfe, 0xf2, 0x2d, 0x03, 0x02, 0x00, 0x00,
  0x00, 0x73, 0xff, 0xfb, 0xff, 0xff, 0xff, 0xff, 0xff, 0xff, 0xff, 0xff, 0xff, 0xff, 0xff, 0xff, 0xff, 0xfb, 0xff, 0x90, 0x00, 0x04, 0x00, 0x00,
  0x00, 0x2c, 0xf8, 0xfe, 0xff, 0xff, 0xff, 0xff, 0xff, 0xff, 0xff, 0xff, 0xff, 0xff, 0xff, 0xff, 0xff, 0xfb, 0xfe, 0xaf, 0x00, 0x03, 0x00, 0x00,
  0x00, 0x1e, 0xf5, 0xff, 0xfe, 0xff, 0xff, 0xff, 0xff, 0xff, 0xff, 0xff, 0xff, 0xff, 0xff, 0xff, 0xff, 0xfa, 0xff, 0x8f, 0x00, 0x04, 0x00, 0x00,
  0x00, 0x28, 0xff, 0xfb, 0xfb, 0xfb, 0xfb, 0xfb, 0xfb, 0xfb, 0xfb, 0xfb, 0xfb, 0xfb, 0xfc, 0xfd, 0xfb, 0xfe, 0xfe, 0x2e, 0x00, 0x02, 0x00, 0x00,
  0x02, 0x01, 0xab, 0xff, 0xff, 0xff, 0xff, 0xff, 0xff, 0xff, 0xff, 0xff, 0xff, 0xff, 0xff, 0xff, 0xff, 0xff, 0x6a, 0x00, 0x02, 0x00, 0x00, 0x00,
  0x01, 0x01, 0x07, 0x77, 0xa9, 0xa9, 0xaa, 0xaa, 0xaa, 0xaa, 0xaa, 0xaa, 0xaa, 0xaa, 0xbc, 0xce, 0xa8, 0x3f, 0x00, 0x02, 0x00, 0x00, 0x00, 0x00,
  0x00, 0x00, 0x00, 0x00, 0x00, 0x00, 0x00, 0x00, 0x00, 0x00, 0x00, 0x00, 0x00, 0x00, 0x00, 0x00, 0x00, 0x00, 0x02, 0x00, 0x00, 0x00, 0x00, 0x00,
  0x00, 0x00, 0x01, 0x04, 0x03, 0x03, 0x03, 0x03, 0x03, 0x03, 0x03, 0x03, 0x03, 0x03, 0x02, 0x01, 0x03, 0x03, 0x00, 0x00, 0x00, 0x00, 0x00, 0x00,
  0x00, 0x00, 0x00, 0x00, 0x00, 0x00, 0x00, 0x00, 0x00, 0x00, 0x00, 0x00, 0x00, 0x00, 0x00, 0x00, 0x00, 0x00, 0x00, 0x00, 0x00, 0x00, 0x00, 0x00,
};
const lv_image_dsc_t wx_cloud_moon = {
  .header = {.magic = LV_IMAGE_HEADER_MAGIC, .cf = LV_COLOR_FORMAT_RGB565A8, .flags = 0, .w = 24, .h = 24, .stride = 48, .reserved_2 = 0},
  .data_size = 1728,
  .data = wx_cloud_moon_map,
};

static const uint8_t wx_cloud_map[] LV_ATTRIBUTE_MEM_ALIGN = {
  0x00, 0x00, 0x00, 0x00, 0x00, 0x00, 0x00, 0x00, 0x00, 0x00, 0x00, 0x00, 0x00, 0x00, 0x00, 0x00, 0x00, 0x00, 0xef, 0x7b, 0x00, 0x00, 0x00, 0x00,
  0x00, 0x00, 0x2f, 0x4b, 0xf1, 0x73, 0x00, 0x00, 0x00, 0x00, 0x00, 0x00, 0xef, 0x7b, 0x00, 0x00, 0x00, 0x00, 0x00, 0x00, 0x00, 0x00, 0x00, 0x00,
  0x00, 0x00, 0x00, 0x00, 0x00, 0x00, 0x00, 0x00, 0x00, 0x00, 0x00, 0x00, 0x00, 0x00, 0x00, 0x00, 0xef, 0x7b, 0x00, 0x00, 0xef, 0x5b, 0x73, 0x84,
  0xf5, 0x94, 0x36, 0x9d, 0x56, 0x9d, 0x15, 0x9d, 0xd4, 0x8c, 0x53, 0x7c, 0x00, 0x00, 0x00, 0x00, 0x1f, 0x00, 0x00, 0x00, 0x00, 0x00, 0x00, 0x00,
  0x00, 0x00, 0x00, 0x00, 0x00, 0x00, 0x00, 0x00, 0x00, 0x00, 0x55, 0xad, 0xf7, 0x7b, 0xd3, 0x9c, 0x00, 0x00, 0x52, 0x7c, 0xf5, 0x94, 0x5a, 0xbe,
  0xfc, 0xd6, 0x1d, 0xdf, 0x1d, 0xdf, 0x1d, 0xdf, 0xdc, 0xd6, 0xb8, 0xad, 0xb4, 0x8c, 0xf5, 0x7b, 0xef, 0x7b, 0xff, 0xff, 0x00, 0x00, 0x00, 0x00,
  0x00, 0x00, 0x00, 0x00, 0x00, 0x00, 0xff, 0xff, 0xff, 0xff, 0x00, 0x00, 0x00, 0x00, 0x00, 0x00, 0x32, 0x7c, 0x15, 0x95, 0xdc, 0xd6, 0x3d, 0xdf,
  0xfc, 0xde, 0xfc, 0xd6, 0xfc, 0xd6, 0xfc, 0xd6, 0x1c, 0xdf, 0x1d, 0xdf, 0x7b, 0xc6, 0x93, 0x84, 0xef, 0x7b, 0xff, 0x7b, 0x00, 0x00, 0x00, 0x00,
  0x00, 0x00, 0x00, 0x00, 0xff, 0xff, 0x00, 0x00, 0x00, 0x00, 0x32, 0x7c, 0xb4, 0x8c, 0xd4, 0x8c, 0xb4, 0x8c, 0xbb, 0xce, 0x1d, 0xdf, 0xdc, 0xd6,
  0xfc, 0xd6, 0xfc, 0xd6, 0xfc, 0xd6, 0xfc, 0xd6, 0xfc, 0xd6, 0xfc, 0xd6, 0x3d, 0xdf, 0x3a, 0xbe, 0x73, 0x84, 0x00, 0x00, 0x55, 0xad, 0x00, 0x00,
  0x00, 0x00, 0xff, 0xff, 0x00, 0x00, 0x52, 0x7c, 0xd4, 0x8c, 0xb8, 0xad, 0xbb, 0xce, 0xdc, 0xd6, 0xbb, 0xce, 0xfc, 0xd6, 0xfc, 0xd6, 0xfc, 0xd6,
  0xfc, 0xd6, 0xfc, 0xd6, 0xfc, 0xd6, 0xfc, 0xd6, 0xfc, 0xd6, 0xfc, 0xd6, 0xfc, 0xd6, 0x1d, 0xdf, 0x15, 0x95, 0xb1, 0x63, 0x00, 0x00, 0xff, 0xff,
  0xff, 0xff, 0xef, 0x7b, 0xf1, 0x6b, 0xf5, 0x8c, 0xbc, 0xce, 0x1d, 0xdf, 0x1d, 0xdf, 0x1c, 0xdf, 0xfc, 0xde, 0xfc, 0xd6, 0xfc, 0xd6, 0xfc, 0xd6,
  0xfc, 0xd6, 0xfc, 0xd6, 0xfc, 0xd6, 0xfc, 0xd6, 0xfc, 0xd6, 0xfc, 0xd6, 0xfc, 0xd6, 0x1c, 0xdf, 0x19, 0xb6, 0x32, 0x7c, 0x00, 0x00, 0xf7, 0x7b,
  0xef, 0x7b, 0x00, 0x00, 0x93, 0x84, 0x9b, 0xce, 0x3d, 0xdf, 0xdc, 0xd6, 0xfc, 0xd6, 0xfc, 0xd6, 0xfc, 0xd6, 0xfc, 0xd6, 0xfc, 0xd6, 0xfc, 0xd6,
  0xfc, 0xd6, 0xfc, 0xd6, 0xfc, 0xd6, 0xfc, 0xd6, 0xfc, 0xd6, 0xfc, 0xd6, 0xfc, 0xd6, 0x1d, 0xdf, 0x7b, 0xc6, 0x93, 0x84, 0x00, 0x00, 0xd3, 0x9c,
  0x00, 0x00, 0x8f, 0x6b, 0x36, 0x9d, 0x1d, 0xdf, 0xfc, 0xd6, 0xfc, 0xd6, 0xfc, 0xd6, 0xfc, 0xd6, 0xfc, 0xd6, 0xfc, 0xd6, 0xfc, 0xd6, 0xfc, 0xd6,
  0xfc, 0xd6, 0xfc, 0xd6, 0xfc, 0xd6, 0xfc, 0xd6, 0xfc, 0xd6, 0xfc, 0xd6, 0xfc, 0xd6, 0x1c, 0xdf, 0x9b, 0xce, 0x73, 0x84, 0x00, 0x00, 0xef, 0x7b,
  0x00, 0x00, 0x12, 0x7c, 0x19, 0xb6, 0x1c, 0xdf, 0xfc, 0xd6, 0xfc, 0xd6, 0xfc, 0xd6, 0xfc, 0xd6, 0xfc, 0xd6, 0xfc, 0xd6, 0xfc, 0xd6, 0xfc, 0xd6,
  0xfc, 0xd6, 0xfc, 0xd6, 0xfc, 0xd6, 0xfc, 0xd6, 0xfc, 0xd6, 0xfc, 0xd6, 0xfc, 0xd6, 0xfc, 0xd6, 0xfc, 0xde, 0x19, 0xb6, 0x93, 0x84, 0x00, 0x00,
  0x00, 0x00, 0x53, 0x7c, 0x3a, 0xbe, 0x1d, 0xdf, 0xfc, 0xd6, 0xfc, 0xd6, 0xfc, 0xd6, 0xfc, 0xd6, 0xfc, 0xd6, 0xfc, 0xd6, 0xfc, 0xd6, 0xfc, 0xd6,
  0xfc, 0xd6, 0xfc, 0xd6, 0xfc, 0xd6, 0xfc, 0xd6, 0xfc, 0xd6, 0xfc, 0xd6, 0xfc, 0xd6, 0xfc, 0xd6, 0xfc, 0xd6, 0x1d, 0xdf, 0x36, 0x9d, 0x12, 0x74,
  0x00, 0x00, 0x12, 0x74, 0xd8, 0xb5, 0x1d, 0xdf, 0xfc, 0xd6, 0xfc, 0xd6, 0xfc, 0xd6, 0xfc, 0xd6, 0xfc, 0xd6, 0xfc, 0xd6, 0xfc, 0xd6, 0xfc, 0xd6,
  0xfc, 0xd6, 0xfc, 0xd6, 0xfc, 0xd6, 0xfc, 0xd6, 0xfc, 0xd6, 0xfc, 0xd6, 0xfc, 0xd6, 0xfc, 0xd6, 0xfc, 0xd6, 0x1c, 0xdf, 0x39, 0xbe, 0x53, 0x7c,
  0xff, 0xff, 0x6d, 0x6b, 0xf5, 0x94, 0xdc, 0xd6, 0xfc, 0xde, 0xfc, 0xd6, 0xfc, 0xd6, 0xfc, 0xd6, 0xfc, 0xd6, 0xfc, 0xd6, 0xfc, 0xd6, 0xfc, 0xd6,
  0xfc, 0xd6, 0xfc, 0xd6, 0xfc, 0xd6, 0xfc, 0xd6, 0xfc, 0xd6, 0xfc, 0xd6, 0xfc, 0xd6, 0xfc, 0xd6, 0xfc, 0xd6, 0x1d, 0xdf, 0x7b, 0xc6, 0x73, 0x84,
  0xff, 0xff, 0xef, 0x7b, 0xf5, 0x94, 0xdc, 0xd6, 0xfc, 0xde, 0xfc, 0xd6, 0xfc, 0xd6, 0xfc, 0xd6, 0xfc, 0xd6, 0xfc, 0xd6, 0xfc, 0xd6, 0xfc, 0xd6,
  0xfc, 0xd6, 0xfc, 0xd6, 0xfc, 0xd6, 0xfc, 0xd6, 0xfc, 0xd6, 0xfc, 0xd6, 0xfc, 0xd6, 0xfc, 0xd6, 0xfc, 0xd6, 0x1d, 0xdf, 0x3a, 0xbe, 0x53, 0x7c,
  0x00, 0x00, 0x4f, 0x5b, 0x36, 0x9d, 0x1d, 0xdf, 0xdc, 0xd6, 0xfc, 0xd6, 0xfc, 0xd6, 0xfc, 0xd6, 0xfc, 0xd6, 0xfc, 0xd6, 0xfc, 0xd6, 0xfc, 0xd6,
  0xfc, 0xd6, 0xfc, 0xd6, 0xfc, 0xd6, 0xfc, 0xd6, 0xfc, 0xd6, 0xfc, 0xd6, 0xfc, 0xd6, 0xfc, 0xd6, 0xfc, 0xd6, 0x1d, 0xdf, 0x36, 0x9d, 0x12, 0x74,
  0xef, 0x7b, 0xaa, 0x52, 0xd4, 0x8c, 0xfc, 0xd6, 0x3d, 0xe7, 0x1d, 0xdf, 0x1d, 0xdf, 0x1d, 0xdf, 0x1d, 0xdf, 0x1d, 0xdf, 0x1d, 0xdf, 0x1d, 0xdf,
  0x1d, 0xdf, 0x1d, 0xdf, 0x1d, 0xdf, 0x1d, 0xdf, 0x1d, 0xdf, 0x1d, 0xdf, 0x1c, 0xdf, 0x1d, 0xdf, 0x1c, 0xdf, 0x3a, 0xbe, 0x73, 0x84, 0x00, 0x00,
  0xff, 0x7b, 0x00, 0x00, 0x32, 0x7c, 0x36, 0x9d, 0x7b, 0xc6, 0x9b, 0xce, 0x9b, 0xc6, 0x9b, 0xce, 0x9b, 0xce, 0x9b, 0xce, 0x9b, 0xce, 0x9b, 0xce,
  0x9b, 0xce, 0x9b, 0xce, 0x9b, 0xce, 0x9b, 0xce, 0x9b, 0xc6, 0xbb, 0xce, 0xdc, 0xd6, 0x9b, 0xce, 0x77, 0xa5, 0x93, 0x84, 0x00, 0x00, 0x55, 0x55,
  0x00, 0x00, 0xff, 0xff, 0x00, 0x00, 0xf2, 0x73, 0x94, 0x84, 0x94, 0x84, 0x73, 0x84, 0x93, 0x84, 0x93, 0x84, 0x93, 0x84, 0x93, 0x84, 0x93, 0x84,
  0x93, 0x84, 0x93, 0x84, 0x93, 0x84, 0x73, 0x84, 0x93, 0x84, 0xb4, 0x8c, 0xd5, 0x8c, 0xb4, 0x8c, 0x32, 0x74, 0x00, 0x00, 0xff, 0xff, 0x00, 0x00,
  0x00, 0x00, 0x00, 0x00, 0xef, 0x7b, 0x00, 0x00, 0x00, 0x00, 0x00, 0x00, 0x00, 0x00, 0x00, 0x00, 0x00, 0x00, 0x00, 0x00, 0x00, 0x00, 0x00, 0x00,
  0x00, 0x00, 0x00, 0x00, 0x00, 0x00, 0x00, 0x00, 0x00, 0x00, 0x00, 0x00, 0x00, 0x00, 0x00, 0x00, 0x00, 0x00, 0xff, 0x7b, 0x00, 0x00, 0x00, 0x00,
  0x00, 0x00, 0x00, 0x00, 0x00, 0x00, 0xef, 0x7b, 0xf7, 0x7d, 0xf7, 0x7d, 0xf7, 0x7d, 0xf7, 0x7d, 0xf7, 0x7d, 0xf7, 0x7d, 0xf7, 0x7d, 0xf7, 0x7d,
  0xf7, 0x7d, 0xf7, 0x7d, 0xf7, 0x7d, 0xf7, 0x7d, 0xf7, 0x7d, 0xf7, 0x7b, 0x55, 0xad, 0xf7, 0x7d, 0xff, 0x7b, 0x00, 0x00, 0x00, 0x00, 0x00, 0x00,
  0x00, 0x00, 0x00, 0x00, 0x00, 0x00, 0x00, 0x00, 0x00, 0x00, 0x00, 0x00, 0x00, 0x00, 0x00, 0x00, 0x00, 0x00, 0x00, 0x00, 0x00, 0x00, 0x00, 0x00,
  0x00, 0x00, 0x00, 0x00, 0x00, 0x00, 0x00, 0x00, 0x00, 0x00, 0x00, 0x00, 0x00, 0x00, 0x00, 0x00, 0x00, 0x00, 0x00, 0x00, 0x00, 0x00, 0x00, 0x00,
  0x00, 0x00, 0x00, 0x00, 0x00, 0x00, 0x00, 0x00, 0x00, 0x00, 0x00, 0x00, 0x00, 0x00, 0x00, 0x00, 0x00, 0x00, 0x00, 0x00, 0x00, 0x00, 0x00, 0x00,
  0x00, 0x00, 0x00, 0x00, 0x00, 0x00, 0x00, 0x00, 0x00, 0x00, 0x00, 0x00, 0x00, 0x00, 0x00, 0x00, 0x00, 0x00, 0x00, 0x00, 0x00, 0x00, 0x00, 0x00,
  0x00, 0x00, 0x00, 0x00, 0x00, 0x00, 0x00, 0x00, 0x00, 0x00, 0x00, 0x00, 0x00, 0x00, 0x00, 0x00, 0x00, 0x00, 0x00, 0x00, 0x00, 0x00, 0x00, 0x00,
  0x00, 0x00, 0x00, 0x00, 0x00, 0x00, 0x00, 0x00, 0x00, 0x00, 0x00, 0x00, 0x00, 0x00, 0x00, 0x00, 0x00, 0x00, 0x00, 0x00, 0x00, 0x00, 0x00, 0x00,
  0x00, 0x00, 0x00, 0x00, 0x00, 0x00, 0x00, 0x00, 0x00, 0x00, 0x00, 0x00, 0x00, 0x00, 0x00, 0x00, 0x00, 0x00, 0x00, 0x00, 0x00, 0x00, 0x00, 0x00,
  0x00, 0x00, 0x00, 0x00, 0x00, 0x00, 0x00, 0x00, 0x00, 0x00, 0x00, 0x00, 0x00, 0x00, 0x00, 0x00, 0x00, 0x00, 0x00, 0x00, 0x00, 0x00, 0x00, 0x00,
  0x00, 0x00, 0x00, 0x00, 0x00, 0x00, 0x00, 0x00, 0x00, 0x02, 0x00, 0x00, 0x00, 0x0a, 0x12, 0x03, 0x00, 0x00, 0x02, 0x01, 0x00, 0x00, 0x00, 0x00,
  0x00, 0x00, 0x00, 0x00, 0x00, 0x00, 0x00, 0x00, 0x02, 0x00, 0x08, 0x65, 0xb6, 0xdf, 0xe8, 0xd5, 0xa0, 0x44, 0x00, 0x00, 0x01, 0x00, 0x00, 0x00,
  0x00, 0x00, 0x00, 0x00, 0x00, 0x03, 0x04, 0x05, 0x00, 0x2b, 0xcf, 0xff, 0xff, 0xff, 0xff, 0xff, 0xff, 0xff, 0x9d, 0x06, 0x02, 0x01, 0x00, 0x00,
  0x00, 0x00, 0x00, 0x01, 0x01, 0x00, 0x00, 0x00, 0x24, 0xe9, 0xff, 0xfa, 0xfc, 0xfd, 0xfe, 0xfd, 0xfb, 0xfb, 0xff, 0xb1, 0x02, 0x02, 0x00, 0x00,
  0x00, 0x00, 0x01, 0x00, 0x00, 0x40, 0x8c, 0xa9, 0xdd, 0xff, 0xfb, 0xff, 0xff, 0xff, 0xff, 0xff, 0xff, 0xff, 0xf9, 0xff, 0x77, 0x00, 0x03, 0x00,
  0x00, 0x01, 0x00, 0x16, 0xb1, 0xff, 0xff, 0xff, 0xff, 0xfe, 0xff, 0xff, 0xff, 0xff, 0xff, 0xff, 0xff, 0xff, 0xfe, 0xfd, 0xec, 0x0f, 0x00, 0x01,
  0x01, 0x02, 0x10, 0xd1, 0xff, 0xfc, 0xfb, 0xfb, 0xfd, 0xff, 0xff, 0xff, 0xff, 0xff, 0xff, 0xff, 0xff, 0xff, 0xff, 0xfd, 0xff, 0x4c, 0x00, 0x04,
  0x04, 0x00, 0x93, 0xff, 0xf9, 0xff, 0xff, 0xff, 0xff, 0xff, 0xff, 0xff, 0xff, 0xff, 0xff, 0xff, 0xff, 0xff, 0xff, 0xfb, 0xfe, 0x73, 0x00, 0x05,
  0x00, 0x16, 0xf4, 0xfd, 0xfe, 0xff, 0xff, 0xff, 0xff, 0xff, 0xff, 0xff, 0xff, 0xff, 0xff, 0xff, 0xff, 0xff, 0xff, 0xfc, 0xff, 0xaa, 0x00, 0x04,
  0x00, 0x4a, 0xff, 0xfd, 0xff, 0xff, 0xff, 0xff, 0xff, 0xff, 0xff, 0xff, 0xff, 0xff, 0xff, 0xff, 0xff, 0xff, 0xff, 0xff, 0xfc, 0xff, 0x7a, 0x00,
  0x00, 0x58, 0xfe, 0xfc, 0xff, 0xff, 0xff, 0xff, 0xff, 0xff, 0xff, 0xff, 0xff, 0xff, 0xff, 0xff, 0xff, 0xff, 0xff, 0xff, 0xfe, 0xfe, 0xf7, 0x1f,
  0x00, 0x3a, 0xff, 0xfd, 0xff, 0xff, 0xff, 0xff, 0xff, 0xff, 0xff, 0xff, 0xff, 0xff, 0xff, 0xff, 0xff, 0xff, 0xff, 0xff, 0xff, 0xfd, 0xff, 0x6b,
  0x01, 0x07, 0xd7, 0xff, 0xfd, 0xff, 0xff, 0xff, 0xff, 0xff, 0xff, 0xff, 0xff, 0xff, 0xff, 0xff, 0xff, 0xff, 0xff, 0xff, 0xff, 0xfc, 0xfe, 0x8e,
  0x01, 0x04, 0xcf, 0xff, 0xfd, 0xff, 0xff, 0xff, 0xff, 0xff, 0xff, 0xff, 0xff, 0xff, 0xff, 0xff, 0xff, 0xff, 0xff, 0xff, 0xff, 0xfd, 0xff, 0x6b,
  0x00, 0x13, 0xf5, 0xfe, 0xfe, 0xff, 0xff, 0xff, 0xff, 0xff, 0xff, 0xff, 0xff, 0xff, 0xff, 0xff, 0xff, 0xff, 0xff, 0xff, 0xfe, 0xfc, 0xf7, 0x1f,
  0x02, 0x03, 0xcc, 0xff, 0xf8, 0xfb, 0xfb, 0xfb, 0xfb, 0xfb, 0xfb, 0xfb, 0xfb, 0xfb, 0xfb, 0xfb, 0xfb, 0xfb, 0xfb, 0xfb, 0xfd, 0xff, 0x79, 0x00,
  0x02, 0x00, 0x2f, 0xe7, 0xff, 0xff, 0xff, 0xff, 0xff, 0xff, 0xff, 0xff, 0xff, 0xff, 0xff, 0xff, 0xff, 0xff, 0xff, 0xff, 0xfe, 0x87, 0x00, 0x03,
  0x00, 0x01, 0x00, 0x1e, 0x72, 0x7e, 0x7f, 0x7f, 0x7f, 0x7f, 0x7f, 0x7f, 0x7f, 0x7f, 0x7f, 0x80, 0x7f, 0x94, 0xa9, 0x7f, 0x31, 0x00, 0x01, 0x00,
  0x00, 0x00, 0x02, 0x00, 0x00, 0x00, 0x00, 0x00, 0x00, 0x00, 0x00, 0x00, 0x00, 0x00, 0x00, 0x00, 0x00, 0x00, 0x00, 0x00, 0x00, 0x02, 0x00, 0x00,
  0x00, 0x00, 0x00, 0x02, 0x04, 0x04, 0x04, 0x04, 0x04, 0x04, 0x04, 0x04, 0x04, 0x04, 0x04, 0x04, 0x04, 0x04, 0x03, 0x04, 0x02, 0x00, 0x00, 0x00,
  0x00, 0x00, 0x00, 0x00, 0x00, 0x00, 0x00, 0x00, 0x00, 0x00, 0x00, 0x00, 0x00, 0x00, 0x00, 0x00, 0x00, 0x00, 0x00, 0x00, 0x00, 0x00, 0x00, 0x00,
  0x00, 0x00, 0x00, 0x00, 0x00, 0x00, 0x00, 0x00, 0x00, 0x00, 0x00, 0x00, 0x00, 0x00, 0x00, 0x00, 0x00, 0x00, 0x00, 0x00, 0x00, 0x00, 0x00, 0x00,
  0x00, 0x00, 0x00, 0x00, 0x00, 0x00, 0x00, 0x00, 0x00, 0x00, 0x00, 0x00, 0x00, 0x00, 0x00, 0x00, 0x00, 0x00, 0x00, 0x00, 0x00, 0x00, 0x00, 0x00,
  0x00, 0x00, 0x00, 0x00, 0x00, 0x00, 0x00, 0x00, 0x00, 0x00, 0x00, 0x00, 0x00, 0x00, 0x00, 0x00, 0x00, 0x00, 0x00, 0x00, 0x00, 0x00, 0x00, 0x00,
};
const lv_image_dsc_t wx_cloud = {
  .header = {.magic = LV_IMAGE_HEADER_MAGIC, .cf = LV_COLOR_FORMAT_RGB565A8, .flags = 0, .w = 24, .h = 24, .stride = 48, .reserved_2 = 0},
  .data_size = 1728,
  .data = wx_cloud_map,
};

static const uint8_t wx_rain_map[] LV_ATTRIBUTE_MEM_ALIGN = {
  0x00, 0x00, 0x00, 0x00, 0x00, 0x00, 0xef, 0x7b, 0x00, 0x00, 0x00, 0x00, 0x4a, 0x3a, 0x8b, 0x42, 0x4b, 0x42, 0x0e, 0x53, 0x12, 0x74, 0x32, 0x7c,
  0x32, 0x7c, 0x32, 0x7c, 0x32, 0x7c, 0x32, 0x7c, 0x12, 0x74, 0x32, 0x7c, 0xd0, 0x6b, 0xac, 0x4a, 0x00, 0x00, 0xaa, 0x52, 0x00, 0x00, 0x00, 0x00,
  0x00, 0x00, 0x00, 0x00, 0xef, 0x7b, 0x00, 0x00, 0x6a, 0x42, 0xcd, 0x4a, 0x0e, 0x5b, 0x4e, 0x5b, 0x2e, 0x5b, 0xf1, 0x73, 0x32, 0x7c, 0x32, 0x7c,
  0x32, 0x7c, 0x32, 0x7c, 0x32, 0x7c, 0x32, 0x7c, 0x32, 0x7c, 0x12, 0x74, 0x32, 0x7c, 0x4f, 0x5b, 0x8b, 0x42, 0x00, 0x00, 0xaa, 0x52, 0x00, 0x00,
  0x00, 0x00, 0xef, 0x7b, 0x00, 0x00, 0x6b, 0x4a, 0x0e, 0x53, 0x12, 0x74, 0x32, 0x7c, 0x32, 0x7c, 0x32, 0x7c, 0x32, 0x7c, 0x32, 0x7c, 0x32, 0x7c,
  0x32, 0x7c, 0x32, 0x7c, 0x32, 0x7c, 0x32, 0x7c, 0x32, 0x7c, 0x32, 0x7c, 0x32, 0x7c, 0x12, 0x74, 0xac, 0x4a, 0x00, 0x00, 0xaa, 0x52, 0x00, 0x00,
  0x00, 0x00, 0x00, 0x00, 0x4b, 0x3a, 0xed, 0x52, 0x12, 0x74, 0x32, 0x7c, 0x12, 0x74, 0x12, 0x74, 0x12, 0x74, 0x32, 0x7c, 0x32, 0x7c, 0x32, 0x7c,
  0x32, 0x7c, 0x32, 0x7c, 0x32, 0x7c, 0x32, 0x7c, 0x32, 0x7c, 0x32, 0x7c, 0x32, 0x7c, 0x32, 0x7c, 0xed, 0x52, 0xaa, 0x52, 0x00, 0x00, 0x00, 0x00,
  0x8c, 0x31, 0x00, 0x00, 0x8c, 0x4a, 0xd1, 0x6b, 0x32, 0x7c, 0x12, 0x74, 0x32, 0x7c, 0x32, 0x7c, 0x32, 0x7c, 0x32, 0x7c, 0x32, 0x7c, 0x32, 0x7c,
  0x32, 0x7c, 0x32, 0x7c, 0x32, 0x7c, 0x32, 0x7c, 0x32, 0x7c, 0x32, 0x7c, 0x32, 0x7c, 0x32, 0x7c, 0x0e, 0x53, 0xea, 0x39, 0x00, 0x00, 0x00, 0x00,
  0xaa, 0x52, 0x00, 0x00, 0xcd, 0x52, 0x12, 0x74, 0x32, 0x7c, 0x32, 0x7c, 0x32, 0x7c, 0x32, 0x7c, 0x32, 0x7c, 0x32, 0x7c, 0x32, 0x7c, 0x32, 0x7c,
  0x32, 0x7c, 0x32, 0x7c, 0x32, 0x7c, 0x32, 0x7c, 0x32, 0x7c, 0x32, 0x7c, 0x32, 0x7c, 0x32, 0x7c, 0xd1, 0x6b, 0xcd, 0x52, 0xaa, 0x3a, 0xef, 0x03,
  0x00, 0x00, 0x00, 0x00, 0xed, 0x52, 0x32, 0x7c, 0x32, 0x7c, 0x32, 0x7c, 0x32, 0x7c, 0x32, 0x7c, 0x32, 0x7c, 0x32, 0x7c, 0x32, 0x7c, 0x32, 0x7c,
  0x32, 0x7c, 0x32, 0x7c, 0x32, 0x7c, 0x32, 0x7c, 0x32, 0x7c, 0x32, 0x7c, 0x32, 0x7c, 0x12, 0x74, 0x53, 0x7c, 0xd1, 0x6b, 0xac, 0x4a, 0x00, 0x00,
  0xaa, 0x52, 0x00, 0x00, 0xcd, 0x52, 0x32, 0x7c, 0x32, 0x7c, 0x32, 0x7c, 0x32, 0x7c, 0x32, 0x7c, 0x32, 0x7c, 0x32, 0x7c, 0x32, 0x7c, 0x32, 0x7c,
  0x32, 0x7c, 0x32, 0x7c, 0x32, 0x7c, 0x32, 0x7c, 0x32, 0x7c, 0x32, 0x7c, 0x32, 0x7c, 0x32, 0x7c, 0x32, 0x7c, 0x32, 0x7c, 0xed, 0x52, 0xaa, 0x52,
  0xef, 0x39, 0x00, 0x00, 0xac, 0x4a, 0xb0, 0x6b, 0x32, 0x7c, 0x12, 0x74, 0x32, 0x7c, 0x32, 0x7c, 0x32, 0x7c, 0x32, 0x7c, 0x32, 0x7c, 0x32, 0x7c,
  0x32, 0x7c, 0x32, 0x7c, 0x32, 0x7c, 0x32, 0x7c, 0x32, 0x7c, 0x32, 0x7c, 0x32, 0x7c, 0x32, 0x7c, 0x32, 0x7c, 0x32, 0x7c, 0x0e, 0x5b, 0xe7, 0x31,
  0xef, 0x39, 0x00, 0x00, 0x8b, 0x42, 0x90, 0x63, 0x32, 0x7c, 0x12, 0x74, 0x32, 0x7c, 0x32, 0x7c, 0x32, 0x7c, 0x32, 0x7c, 0x32, 0x7c, 0x32, 0x7c,
  0x32, 0x7c, 0x32, 0x7c, 0x32, 0x7c, 0x32, 0x7c, 0x32, 0x7c, 0x32, 0x7c, 0x32, 0x7c, 0x32, 0x7c, 0x32, 0x7c, 0x32, 0x7c, 0xed, 0x52, 0xc7, 0x39,
  0x2c, 0x33, 0x00, 0x00, 0xac, 0x4a, 0xf1, 0x73, 0x32, 0x7c, 0x12, 0x74, 0x12, 0x74, 0x12, 0x74, 0x12, 0x74, 0x12, 0x74, 0x12, 0x74, 0x12, 0x74,
  0x12, 0x74, 0x12, 0x74, 0x12, 0x74, 0x12, 0x74, 0x12, 0x74, 0x32, 0x7c, 0x32, 0x7c, 0x12, 0x74, 0x32, 0x7c, 0x12, 0x74, 0xac, 0x4a, 0x00, 0x00,
  0xaa, 0x52, 0x00, 0x00, 0x8c, 0x42, 0x6f, 0x63, 0x32, 0x7c, 0x32, 0x7c, 0x32, 0x7c, 0x32, 0x7c, 0x32, 0x7c, 0x32, 0x7c, 0x32, 0x7c, 0x32, 0x7c,
  0x32, 0x7c, 0x32, 0x7c, 0x32, 0x7c, 0x32, 0x7c, 0x53, 0x7c, 0x32, 0x7c, 0x32, 0x7c, 0x32, 0x7c, 0x12, 0x74, 0x0d, 0x53, 0x8b, 0x4a, 0x00, 0x00,
  0x00, 0x00, 0x0f, 0x00, 0x00, 0x00, 0xac, 0x4a, 0x4f, 0x5b, 0xb0, 0x6b, 0xb0, 0x6b, 0xb0, 0x6b, 0xb0, 0x6b, 0xb0, 0x6b, 0xb0, 0x6b, 0xb0, 0x6b,
  0xb0, 0x6b, 0xb0, 0x6b, 0xb0, 0x6b, 0xb0, 0x6b, 0xb0, 0x6b, 0x12, 0x74, 0x12, 0x74, 0xd1, 0x6b, 0x0d, 0x53, 0x8b, 0x4a, 0x00, 0x00, 0xef, 0x03,
  0x00, 0x00, 0x00, 0x00, 0x00, 0x00, 0x00, 0x00, 0x6b, 0x42, 0xac, 0x4a, 0x8b, 0x4a, 0x8c, 0x4a, 0x8c, 0x4a, 0x8c, 0x4a, 0x8c, 0x4a, 0x8c, 0x4a,
  0x8c, 0x4a, 0x8c, 0x4a, 0x8b, 0x42, 0x8b, 0x42, 0xac, 0x4a, 0xcd, 0x4a, 0xcd, 0x4a, 0xac, 0x4a, 0x6b, 0x3a, 0x00, 0x00, 0xef, 0x7b, 0x00, 0x00,
  0x00, 0x00, 0x00, 0x00, 0x00, 0x00, 0xef, 0x7b, 0x00, 0x00, 0x00, 0x00, 0x00, 0x00, 0x00, 0x00, 0x00, 0x00, 0x00, 0x00, 0x00, 0x00, 0x00, 0x00,
  0x00, 0x00, 0x00, 0x00, 0x00, 0x00, 0x00, 0x00, 0x00, 0x00, 0x00, 0x00, 0x00, 0x00, 0x00, 0x00, 0x00, 0x00, 0xaa, 0x52, 0x00, 0x00, 0x00, 0x00,
  0x00, 0x00, 0x00, 0x00, 0x00, 0x00, 0x00, 0x00, 0xef, 0x7b, 0xef, 0x39, 0x00, 0x78, 0x00, 0x00, 0x00, 0x00, 0xe7, 0x39, 0xe7, 0x39, 0x00, 0x00,
  0x00, 0x00, 0x00, 0x00, 0xaa, 0x52, 0xe7, 0x39, 0x00, 0x00, 0x00, 0x00, 0x00, 0x78, 0xef, 0x39, 0x00, 0x00, 0x00, 0x00, 0x00, 0x00, 0x00, 0x00,
  0x00, 0x00, 0x00, 0x00, 0x00, 0x00, 0x00, 0x00, 0x1f, 0x00, 0x00, 0x00, 0xff, 0x3c, 0x5f, 0x45, 0x1f, 0x45, 0x1f, 0x00, 0x00, 0x00, 0xff, 0x44,
  0x7f, 0x45, 0xdf, 0x44, 0xff, 0x07, 0x1f, 0x00, 0x1f, 0x45, 0x5f, 0x45, 0x5f, 0x3d, 0x1f, 0x00, 0x00, 0x00, 0x00, 0x00, 0x00, 0x00, 0x00, 0x00,
  0x00, 0x00, 0x00, 0x00, 0x00, 0x00, 0x00, 0x00, 0xff, 0x3b, 0x00, 0x00, 0xff, 0x44, 0xdf, 0x4d, 0x1f, 0x45, 0x00, 0x00, 0x00, 0x00, 0x1f, 0x45,
  0xbf, 0x4d, 0xff, 0x44, 0x00, 0x00, 0x00, 0x00, 0xff, 0x3c, 0x3f, 0x45, 0xdf, 0x44, 0x00, 0x00, 0xff, 0x07, 0x00, 0x00, 0x00, 0x00, 0x00, 0x00,
  0x00, 0x00, 0x00, 0x00, 0x00, 0x00, 0x00, 0x00, 0x5f, 0x55, 0x00, 0x00, 0xff, 0x44, 0x1f, 0x45, 0xff, 0x3c, 0x00, 0x00, 0x5f, 0x55, 0x1f, 0x3d,
  0xff, 0x3c, 0x00, 0x00, 0x00, 0x00, 0xdf, 0x3c, 0x3f, 0x45, 0xff, 0x3c, 0x00, 0x00, 0x5f, 0x55, 0x00, 0x00, 0x00, 0x00, 0x00, 0x00, 0x00, 0x00,
  0x00, 0x00, 0x00, 0x00, 0x00, 0x00, 0xff, 0x07, 0x00, 0x00, 0xdf, 0x3c, 0x1f, 0x45, 0xff, 0x44, 0x00, 0x00, 0x1f, 0x00, 0x1f, 0x45, 0x7f, 0x45,
  0x1f, 0x45, 0x00, 0x00, 0x00, 0x00, 0xff, 0x3c, 0x9f, 0x45, 0xff, 0x44, 0x00, 0x00, 0x5f, 0x55, 0x00, 0x00, 0x00, 0x00, 0x00, 0x00, 0x00, 0x00,
  0x00, 0x00, 0x00, 0x00, 0x00, 0x00, 0x00, 0x00, 0x00, 0x00, 0xdf, 0x34, 0x5f, 0x45, 0xdf, 0x44, 0x1f, 0x00, 0xff, 0x07, 0x5f, 0x3d, 0x7f, 0x45,
  0x1f, 0x4d, 0x00, 0x00, 0x1f, 0x00, 0x5f, 0x3d, 0x1f, 0x3d, 0x9f, 0x4c, 0x00, 0x00, 0x00, 0x00, 0x00, 0x00, 0x00, 0x00, 0x00, 0x00, 0x00, 0x00,
  0x00, 0x00, 0x00, 0x00, 0x00, 0x00, 0x00, 0x00, 0x00, 0x00, 0x00, 0x00, 0x00, 0x00, 0x00, 0x00, 0x00, 0x00, 0x00, 0x00, 0x00, 0x00, 0x00, 0x00,
  0x00, 0x00, 0x00, 0x00, 0x00, 0x00, 0x00, 0x00, 0x00, 0x00, 0x00, 0x00, 0x00, 0x00, 0x00, 0x00, 0x00, 0x00, 0x00, 0x00, 0x00, 0x00, 0x00, 0x00,
  0x00, 0x00, 0x00, 0x00, 0x00, 0x00, 0x00, 0x00, 0x00, 0x00, 0x00, 0x00, 0xff, 0x03, 0xff, 0x07, 0x00, 0x00, 0x00, 0x00, 0x00, 0x00, 0xff, 0x7b,
  0xff, 0x07, 0x00, 0x00, 0x00, 0x00, 0x1f, 0x00, 0xff, 0x7b, 0x00, 0x00, 0x00, 0x00, 0x00, 0x00, 0x00, 0x00, 0x00, 0x00, 0x00, 0x00, 0x00, 0x00,
  0x00, 0x00, 0x00, 0x00, 0x00, 0x00, 0x00, 0x00, 0x00, 0x00, 0x00, 0x00, 0x00, 0x00, 0x00, 0x00, 0x00, 0x00, 0x00, 0x00, 0x00, 0x00, 0x00, 0x00,
  0x00, 0x00, 0x00, 0x00, 0x00, 0x00, 0x00, 0x00, 0x00, 0x00, 0x00, 0x00, 0x00, 0x00, 0x00, 0x00, 0x00, 0x00, 0x00, 0x00, 0x00, 0x00, 0x00, 0x00,
  0x00, 0x00, 0x00, 0x02, 0x00, 0x00, 0x15, 0x33, 0x4b, 0xee, 0xfe, 0xfe, 0xff, 0xff, 0xff, 0xff, 0xff, 0xfc, 0xff, 0x99, 0x00, 0x03, 0x00, 0x00,
  0x00, 0x00, 0x02, 0x00, 0x20, 0xa3, 0xe7, 0xfd, 0xff, 0xff, 0xff, 0xff, 0xff, 0xff, 0xff, 0xff, 0xff, 0xff, 0xfd, 0xff, 0x3e, 0x00, 0x03, 0x00,
  0x00, 0x02, 0x00, 0x2e, 0xe8, 0xff, 0xff, 0xff, 0xff, 0xfe, 0xff, 0xff, 0xff, 0xff, 0xff, 0xff, 0xff, 0xff, 0xfb, 0xff, 0xa6, 0x00, 0x03, 0x00,
  0x01, 0x01, 0x11, 0xe1, 0xff, 0xfa, 0xfe, 0xff, 0xff, 0xff, 0xff, 0xff, 0xff, 0xff, 0xff, 0xff, 0xff, 0xff, 0xfe, 0xff, 0xe1, 0x06, 0x01, 0x00,
  0x05, 0x00, 0x71, 0xff, 0xfa, 0xff, 0xff, 0xff, 0xff, 0xff, 0xff, 0xff, 0xff, 0xff, 0xff, 0xff, 0xff, 0xff, 0xfe, 0xfe, 0xf3, 0x1c, 0x00, 0x02,
  0x03, 0x00, 0xba, 0xfe, 0xfc, 0xff, 0xff, 0xff, 0xff, 0xff, 0xff, 0xff, 0xff, 0xff, 0xff, 0xff, 0xff, 0xff, 0xff, 0xfd, 0xfe, 0xc7, 0x09, 0x02,
  0x01, 0x00, 0xd3, 0xff, 0xfd, 0xff, 0xff, 0xff, 0xff, 0xff, 0xff, 0xff, 0xff, 0xff, 0xff, 0xff, 0xff, 0xff, 0xff, 0xff, 0xfb, 0xff, 0x7b, 0x00,
  0x03, 0x00, 0xc3, 0xff, 0xfc, 0xff, 0xff, 0xff, 0xff, 0xff, 0xff, 0xff, 0xff, 0xff, 0xff, 0xff, 0xff, 0xff, 0xff, 0xff, 0xfd, 0xfd, 0xd0, 0x03,
  0x04, 0x00, 0x79, 0xff, 0xfb, 0xff, 0xff, 0xff, 0xff, 0xff, 0xff, 0xff, 0xff, 0xff, 0xff, 0xff, 0xff, 0xff, 0xff, 0xff, 0xfe, 0xff, 0xec, 0x14,
  0x04, 0x00, 0x59, 0xff, 0xfc, 0xff, 0xff, 0xff, 0xff, 0xff, 0xff, 0xff, 0xff, 0xff, 0xff, 0xff, 0xff, 0xff, 0xff, 0xff, 0xfe, 0xfe, 0xdd, 0x09,
  0x05, 0x00, 0x89, 0xfd, 0xfa, 0xff, 0xff, 0xff, 0xff, 0xff, 0xff, 0xff, 0xff, 0xff, 0xff, 0xff, 0xff, 0xff, 0xff, 0xff, 0xfa, 0xff, 0xa0, 0x00,
  0x03, 0x00, 0x44, 0xff, 0xfe, 0xfb, 0xfc, 0xfc, 0xfc, 0xfc, 0xfc, 0xfc, 0xfc, 0xfc, 0xfc, 0xfc, 0xfb, 0xfb, 0xfb, 0xfa, 0xff, 0xf4, 0x26, 0x01,
  0x00, 0x02, 0x00, 0x8b, 0xfe, 0xff, 0xff, 0xff, 0xff, 0xff, 0xff, 0xff, 0xff, 0xff, 0xff, 0xff, 0xff, 0xff, 0xff, 0xff, 0xe2, 0x43, 0x00, 0x02,
  0x00, 0x00, 0x01, 0x00, 0x31, 0x55, 0x54, 0x55, 0x55, 0x55, 0x55, 0x55, 0x55, 0x55, 0x56, 0x56, 0x6a, 0xa3, 0xa3, 0x68, 0x14, 0x00, 0x02, 0x00,
  0x00, 0x00, 0x00, 0x02, 0x00, 0x00, 0x00, 0x00, 0x00, 0x00, 0x00, 0x00, 0x00, 0x00, 0x00, 0x00, 0x00, 0x00, 0x00, 0x00, 0x00, 0x03, 0x00, 0x00,
  0x00, 0x00, 0x00, 0x00, 0x02, 0x04, 0x02, 0x00, 0x00, 0x04, 0x04, 0x00, 0x00, 0x00, 0x03, 0x04, 0x00, 0x00, 0x02, 0x04, 0x01, 0x00, 0x00, 0x00,
  0x00, 0x00, 0x00, 0x00, 0x01, 0x00, 0x0d, 0x50, 0x1b, 0x01, 0x00, 0x1a, 0x4c, 0x12, 0x01, 0x01, 0x29, 0x48, 0x09, 0x01, 0x00, 0x00, 0x00, 0x00,
  0x00, 0x00, 0x00, 0x00, 0x04, 0x00, 0x4a, 0xff, 0x51, 0x00, 0x00, 0x79, 0xff, 0x2a, 0x00, 0x00, 0xad, 0xff, 0x0f, 0x00, 0x01, 0x00, 0x00, 0x00,
  0x00, 0x00, 0x00, 0x00, 0x03, 0x00, 0xb3, 0xeb, 0x08, 0x00, 0x03, 0xdd, 0xca, 0x00, 0x00, 0x12, 0xf6, 0x9c, 0x00, 0x03, 0x00, 0x00, 0x00, 0x00,
  0x00, 0x00, 0x00, 0x01, 0x00, 0x12, 0xf9, 0x9a, 0x00, 0x01, 0x2e, 0xff, 0x69, 0x00, 0x00, 0x55, 0xff, 0x3d, 0x00, 0x03, 0x00, 0x00, 0x00, 0x00,
  0x00, 0x00, 0x00, 0x00, 0x00, 0x05, 0x24, 0x17, 0x01, 0x01, 0x09, 0x28, 0x0e, 0x00, 0x01, 0x0c, 0x2c, 0x07, 0x00, 0x00, 0x00, 0x00, 0x00, 0x00,
  0x00, 0x00, 0x00, 0x00, 0x00, 0x00, 0x00, 0x00, 0x00, 0x00, 0x00, 0x00, 0x00, 0x00, 0x00, 0x00, 0x00, 0x00, 0x00, 0x00, 0x00, 0x00, 0x00, 0x00,
  0x00, 0x00, 0x00, 0x00, 0x00, 0x00, 0x02, 0x01, 0x00, 0x00, 0x00, 0x02, 0x01, 0x00, 0x00, 0x01, 0x02, 0x00, 0x00, 0x00, 0x00, 0x00, 0x00, 0x00,
  0x00, 0x00, 0x00, 0x00, 0x00, 0x00, 0x00, 0x00, 0x00, 0x00, 0x00, 0x00, 0x00, 0x00, 0x00, 0x00, 0x00, 0x00, 0x00, 0x00, 0x00, 0x00, 0x00, 0x00,
};
const lv_image_dsc_t wx_rain = {
  .header = {.magic = LV_IMAGE_HEADER_MAGIC, .cf = LV_COLOR_FORMAT_RGB565A8, .flags = 0, .w = 24, .h = 24, .stride = 48, .reserved_2 = 0},
  .data_size = 1728,
  .data = wx_rain_map,
};

static const uint8_t wx_showers_map[] LV_ATTRIBUTE_MEM_ALIGN = {
  0x00, 0x00, 0x00, 0x00, 0x00, 0x00, 0xef, 0x7b, 0x00, 0x00, 0x00, 0x00, 0x4a, 0x3a, 0x8b, 0x42, 0x4b, 0x42, 0x0e, 0x53, 0x12, 0x74, 0x32, 0x7c,
  0x32, 0x7c, 0x32, 0x7c, 0x32, 0x7c, 0x32, 0x7c, 0x12, 0x74, 0x32, 0x7c, 0xd0, 0x6b, 0xac, 0x4a, 0x00, 0x00, 0xaa, 0x52, 0x00, 0x00, 0x00, 0x00,
  0x00, 0x00, 0x00, 0x00, 0xef, 0x7b, 0x00, 0x00, 0x6a, 0x42, 0xcd, 0x4a, 0x0e, 0x5b, 0x4e, 0x5b, 0x2e, 0x5b, 0xf1, 0x73, 0x32, 0x7c, 0x32, 0x7c,
  0x32, 0x7c, 0x32, 0x7c, 0x32, 0x7c, 0x32, 0x7c, 0x32, 0x7c, 0x12, 0x74, 0x32, 0x7c, 0x4f, 0x5b, 0x8b, 0x42, 0x00, 0x00, 0xaa, 0x52, 0x00, 0x00,
  0x00, 0x00, 0xef, 0x7b, 0x00, 0x00, 0x6b, 0x4a, 0x0e, 0x53, 0x12, 0x74, 0x32, 0x7c, 0x32, 0x7c, 0x32, 0x7c, 0x32, 0x7c, 0x32, 0x7c, 0x32, 0x7c,
  0x32, 0x7c, 0x32, 0x7c, 0x32, 0x7c, 0x32, 0x7c, 0x32, 0x7c, 0x32, 0x7c, 0x32, 0x7c, 0x12, 0x74, 0xac, 0x4a, 0x00, 0x00, 0xaa, 0x52, 0x00, 0x00,
  0x00, 0x00, 0x00, 0x00, 0x4b, 0x3a, 0xed, 0x52, 0x12, 0x74, 0x32, 0x7c, 0x12, 0x74, 0x12, 0x74, 0x12, 0x74, 0x32, 0x7c, 0x32, 0x7c, 0x32, 0x7c,
  0x32, 0x7c, 0x32, 0x7c, 0x32, 0x7c, 0x32, 0x7c, 0x32, 0x7c, 0x32, 0x7c, 0x32, 0x7c, 0x32, 0x7c, 0xed, 0x52, 0xaa, 0x52, 0x00, 0x00, 0x00, 0x00,
  0x8c, 0x31, 0x00, 0x00, 0x8c, 0x4a, 0xd1, 0x6b, 0x32, 0x7c, 0x12, 0x74, 0x32, 0x7c, 0x32, 0x7c, 0x32, 0x7c, 0x32, 0x7c, 0x32, 0x7c, 0x32, 0x7c,
  0x32, 0x7c, 0x32, 0x7c, 0x32, 0x7c, 0x32, 0x7c, 0x32, 0x7c, 0x32, 0x7c, 0x32, 0x7c, 0x32, 0x7c, 0x0e, 0x53, 0xea, 0x39, 0x00, 0x00, 0x00, 0x00,
  0xaa, 0x52, 0x00, 0x00, 0xcd, 0x52, 0x12, 0x74, 0x32, 0x7c, 0x32, 0x7c, 0x32, 0x7c, 0x32, 0x7c, 0x32, 0x7c, 0x32, 0x7c, 0x32, 0x7c, 0x32, 0x7c,
  0x32, 0x7c, 0x32, 0x7c, 0x32, 0x7c, 0x32, 0x7c, 0x32, 0x7c, 0x32, 0x7c, 0x32, 0x7c, 0x32, 0x7c, 0xd1, 0x6b, 0xcd, 0x52, 0xaa, 0x3a, 0xef, 0x03,
  0x00, 0x00, 0x00, 0x00, 0xed, 0x52, 0x32, 0x7c, 0x32, 0x7c, 0x32, 0x7c, 0x32, 0x7c, 0x32, 0x7c, 0x32, 0x7c, 0x32, 0x7c, 0x32, 0x7c, 0x32, 0x7c,
  0x32, 0x7c, 0x32, 0x7c, 0x32, 0x7c, 0x32, 0x7c, 0x32, 0x7c, 0x32, 0x7c, 0x32, 0x7c, 0x12, 0x74, 0x53, 0x7c, 0xd1, 0x6b, 0xac, 0x4a, 0x00, 0x00,
  0xaa, 0x52, 0x00, 0x00, 0xcd, 0x52, 0x32, 0x7c, 0x32, 0x7c, 0x32, 0x7c, 0x32, 0x7c, 0x32, 0x7c, 0x32, 0x7c, 0x32, 0x7c, 0x32, 0x7c, 0x32, 0x7c,
  0x32, 0x7c, 0x32, 0x7c, 0x32, 0x7c, 0x32, 0x7c, 0x32, 0x7c, 0x32, 0x7c, 0x32, 0x7c, 0x32, 0x7c, 0x32, 0x7c, 0x32, 0x7c, 0xed, 0x52, 0xaa, 0x52,
  0xef, 0x39, 0x00, 0x00, 0xac, 0x4a, 0xb0, 0x6b, 0x32, 0x7c, 0x12, 0x74, 0x32, 0x7c, 0x32, 0x7c, 0x32, 0x7c, 0x32, 0x7c, 0x32, 0x7c, 0x32, 0x7c,
  0x32, 0x7c, 0x32, 0x7c, 0x32, 0x7c, 0x32, 0x7c, 0x32, 0x7c, 0x32, 0x7c, 0x32, 0x7c, 0x32, 0x7c, 0x32, 0x7c, 0x32, 0x7c, 0x0e, 0x5b, 0xe7, 0x31,
  0xef, 0x39, 0x00, 0x00, 0x8b, 0x42, 0x90, 0x63, 0x32, 0x7c, 0x12, 0x74, 0x32, 0x7c, 0x32, 0x7c, 0x32, 0x7c, 0x32, 0x7c, 0x32, 0x7c, 0x32, 0x7c,
  0x32, 0x7c, 0x32, 0x7c, 0x32, 0x7c, 0x32, 0x7c, 0x32, 0x7c, 0x32, 0x7c, 0x32, 0x7c, 0x32, 0x7c, 0x32, 0x7c, 0x32, 0x7c, 0xed, 0x52, 0xc7, 0x39,
  0x2c, 0x33, 0x00, 0x00, 0xac, 0x4a, 0xf1, 0x73, 0x32, 0x7c, 0x12, 0x74, 0x12, 0x74, 0x12, 0x74, 0x12, 0x74, 0x12, 0x74, 0x12, 0x74, 0x12, 0x74,
  0x12, 0x74, 0x12, 0x74, 0x12, 0x74, 0x12, 0x74, 0x12, 0x74, 0x32, 0x7c, 0x32, 0x7c, 0x12, 0x74, 0x32, 0x7c, 0x12, 0x74, 0xac, 0x4a, 0x00, 0x00,
  0xaa, 0x52, 0x00, 0x00, 0x8c, 0x42, 0x6f, 0x63, 0x32, 0x7c, 0x32, 0x7c, 0x32, 0x7c, 0x32, 0x7c, 0x32, 0x7c, 0x32, 0x7c, 0x32, 0x7c, 0x32, 0x7c,
  0x32, 0x7c, 0x32, 0x7c, 0x32, 0x7c, 0x32, 0x7c, 0x53, 0x7c, 0x32, 0x7c, 0x32, 0x7c, 0x32, 0x7c, 0x12, 0x74, 0x0d, 0x53, 0x8b, 0x4a, 0x00, 0x00,
  0x00, 0x00, 0x0f, 0x00, 0x00, 0x00, 0xac, 0x4a, 0x4f, 0x5b, 0xb0, 0x6b, 0xb0, 0x6b, 0xb0, 0x6b, 0xb0, 0x6b, 0xb0, 0x6b, 0xb0, 0x6b, 0xb0, 0x6b,
  0xb0, 0x6b, 0xb0, 0x6b, 0xb0, 0x6b, 0xb0, 0x6b, 0xb0, 0x6b, 0x12, 0x74, 0x12, 0x74, 0xd1, 0x6b, 0x0d, 0x53, 0x8b, 0x4a, 0x00, 0x00, 0xef, 0x03,
  0x00, 0x00, 0x00, 0x00, 0x00, 0x00, 0x00, 0x00, 0x6b, 0x42, 0xac, 0x4a, 0xac, 0x42, 0x8b, 0x42, 0x8c, 0x4a, 0x8b, 0x42, 0xac, 0x4a, 0x8b, 0x42,
  0x8c, 0x4a, 0x8c, 0x42, 0x8c, 0x42, 0x8b, 0x42, 0xac, 0x4a, 0xcd, 0x52, 0xcd, 0x52, 0xac, 0x4a, 0x6b, 0x3a, 0x00, 0x00, 0xef, 0x7b, 0x00, 0x00,
  0x00, 0x00, 0x00, 0x00, 0x00, 0x00, 0xef, 0x7b, 0x00, 0x00, 0x00, 0x00, 0x00, 0x00, 0x00, 0x00, 0x00, 0x00, 0x00, 0x00, 0x00, 0x00, 0x00, 0x00,
  0x00, 0x00, 0x00, 0x00, 0x00, 0x00, 0x00, 0x00, 0x00, 0x00, 0x00, 0x00, 0x00, 0x00, 0x00, 0x00, 0x00, 0x00, 0xef, 0x7b, 0x00, 0x00, 0x00, 0x00,
  0x00, 0x00, 0x00, 0x00, 0x00, 0x00, 0x00, 0x00, 0xef, 0x7b, 0xf7, 0x3b, 0xde, 0x44, 0x7b, 0x3c, 0xef, 0x39, 0x9c, 0x44, 0xfe, 0x44, 0xd9, 0x4c,
  0xef, 0x3b, 0xbd, 0x3c, 0xfe, 0x44, 0xf7, 0x3b, 0x2c, 0x33, 0xde, 0x44, 0xfe, 0x44, 0xf5, 0x53, 0xef, 0x7b, 0x00, 0x00, 0x00, 0x00, 0x00, 0x00,
  0x00, 0x00, 0x00, 0x00, 0x00, 0x00, 0x5f, 0x55, 0x00, 0x00, 0xff, 0x3c, 0xbf, 0x4d, 0xff, 0x44, 0x00, 0x00, 0x1f, 0x45, 0xbf, 0x4d, 0xff, 0x44,
  0x00, 0x00, 0xff, 0x3c, 0x7f, 0x45, 0xff, 0x3c, 0x00, 0x00, 0xff, 0x3c, 0x3f, 0x45, 0x9f, 0x44, 0x1f, 0x00, 0xff, 0x07, 0x00, 0x00, 0x00, 0x00,
  0x00, 0x00, 0x00, 0x00, 0x00, 0x00, 0x5f, 0x55, 0x00, 0x00, 0xff, 0x3c, 0x7f, 0x45, 0x1f, 0x45, 0xff, 0x03, 0x1f, 0x45, 0x3f, 0x45, 0xdf, 0x44,
  0x1f, 0x4d, 0x1f, 0x45, 0x1f, 0x45, 0xff, 0x7b, 0x1f, 0x3d, 0x5f, 0x45, 0xff, 0x3c, 0x00, 0x00, 0x5f, 0x55, 0x00, 0x00, 0x00, 0x00, 0x00, 0x00,
  0x00, 0x00, 0x00, 0x00, 0xff, 0x07, 0x1f, 0x00, 0x9f, 0x44, 0x3f, 0x45, 0xff, 0x3c, 0x00, 0x00, 0xff, 0x3c, 0x7f, 0x45, 0xff, 0x3c, 0x00, 0x00,
  0xff, 0x44, 0x9f, 0x45, 0xff, 0x3c, 0x00, 0x00, 0xff, 0x44, 0xbf, 0x4d, 0xff, 0x3c, 0x00, 0x00, 0x5f, 0x55, 0x00, 0x00, 0x00, 0x00, 0x00, 0x00,
  0x00, 0x00, 0x00, 0x00, 0x00, 0x00, 0xff, 0x07, 0xff, 0x7b, 0x3f, 0x45, 0x1f, 0x45, 0xff, 0x3c, 0xdf, 0x34, 0x1f, 0x45, 0x3f, 0x45, 0xff, 0x3c,
  0xbf, 0x4d, 0x1f, 0x3d, 0x3f, 0x45, 0xbf, 0x3c, 0xff, 0x3c, 0xff, 0x3c, 0xff, 0x3d, 0x00, 0x00, 0x00, 0x00, 0x00, 0x00, 0x00, 0x00, 0x00, 0x00,
  0x00, 0x00, 0x00, 0x00, 0x00, 0x00, 0x5f, 0x55, 0x00, 0x00, 0xff, 0x3c, 0xdf, 0x4d, 0xff, 0x44, 0x00, 0x00, 0xff, 0x3c, 0xdf, 0x4d, 0x1f, 0x3d,
  0x00, 0x00, 0xff, 0x3c, 0x9f, 0x45, 0x1f, 0x3d, 0x00, 0x00, 0x00, 0x00, 0x00, 0x00, 0x00, 0x00, 0x00, 0x00, 0x00, 0x00, 0x00, 0x00, 0x00, 0x00,
  0x00, 0x00, 0x00, 0x00, 0x00, 0x00, 0xff, 0x7f, 0xff, 0x7b, 0xff, 0x3c, 0x3f, 0x45, 0xff, 0x3c, 0x5f, 0x3d, 0x1f, 0x45, 0x1f, 0x45, 0xff, 0x3b,
  0x1f, 0x3d, 0x3f, 0x45, 0xff, 0x3c, 0x00, 0x00, 0x5f, 0x55, 0x5f, 0x55, 0x00, 0x00, 0x00, 0x00, 0x00, 0x00, 0x00, 0x00, 0x00, 0x00, 0x00, 0x00,
  0x00, 0x00, 0x00, 0x00, 0xff, 0x07, 0x1f, 0x00, 0xdf, 0x44, 0x3f, 0x45, 0xff, 0x3c, 0x00, 0x00, 0x1f, 0x45, 0x5f, 0x45, 0x1f, 0x45, 0x00, 0x00,
  0xff, 0x3c, 0x9f, 0x45, 0x1f, 0x3d, 0x00, 0x00, 0x5f, 0x55, 0x00, 0x00, 0x00, 0x00, 0x00, 0x00, 0x00, 0x00, 0x00, 0x00, 0x00, 0x00, 0x00, 0x00,
  0x00, 0x00, 0x00, 0x00, 0x00, 0x00, 0x1f, 0x00, 0x00, 0x00, 0x3f, 0x3d, 0x3f, 0x45, 0xff, 0x07, 0x00, 0x00, 0xff, 0x3c, 0xff, 0x3c, 0x00, 0x00,
  0x00, 0x00, 0x9f, 0x3c, 0xff, 0x3c, 0x00, 0x00, 0x00, 0x00, 0x00, 0x00, 0x00, 0x00, 0x00, 0x00, 0x00, 0x00, 0x00, 0x00, 0x00, 0x00, 0x00, 0x00,
  0x00, 0x00, 0x00, 0x02, 0x00, 0x00, 0x15, 0x33, 0x4b, 0xee, 0xfe, 0xfe, 0xff, 0xff, 0xff, 0xff, 0xff, 0xfc, 0xff, 0x99, 0x00, 0x03, 0x00, 0x00,
  0x00, 0x00, 0x02, 0x00, 0x20, 0xa3, 0xe7, 0xfd, 0xff, 0xff, 0xff, 0xff, 0xff, 0xff, 0xff, 0xff, 0xff, 0xff, 0xfd, 0xff, 0x3e, 0x00, 0x03, 0x00,
  0x00, 0x02, 0x00, 0x2e, 0xe8, 0xff, 0xff, 0xff, 0xff, 0xfe, 0xff, 0xff, 0xff, 0xff, 0xff, 0xff, 0xff, 0xff, 0xfb, 0xff, 0xa6, 0x00, 0x03, 0x00,
  0x01, 0x01, 0x11, 0xe1, 0xff, 0xfa, 0xfe, 0xff, 0xff, 0xff, 0xff, 0xff, 0xff, 0xff, 0xff, 0xff, 0xff, 0xff, 0xfe, 0xff, 0xe1, 0x06, 0x01, 0x00,
  0x05, 0x00, 0x71, 0xff, 0xfa, 0xff, 0xff, 0xff, 0xff, 0xff, 0xff, 0xff, 0xff, 0xff, 0xff, 0xff, 0xff, 0xff, 0xfe, 0xfe, 0xf3, 0x1c, 0x00, 0x02,
  0x03, 0x00, 0xba, 0xfe, 0xfc, 0xff, 0xff, 0xff, 0xff, 0xff, 0xff, 0xff, 0xff, 0xff, 0xff, 0xff, 0xff, 0xff, 0xff, 0xfd, 0xfe, 0xc7, 0x09, 0x02,
  0x01, 0x00, 0xd3, 0xff, 0xfd, 0xff, 0xff, 0xff, 0xff, 0xff, 0xff, 0xff, 0xff, 0xff, 0xff, 0xff, 0xff, 0xff, 0xff, 0xff, 0xfb, 0xff, 0x7b, 0x00,
  0x03, 0x00, 0xc3, 0xff, 0xfc, 0xff, 0xff, 0xff, 0xff, 0xff, 0xff, 0xff, 0xff, 0xff, 0xff, 0xff, 0xff, 0xff, 0xff, 0xff, 0xfd, 0xfd, 0xd0, 0x03,
  0x04, 0x00, 0x79, 0xff, 0xfb, 0xff, 0xff, 0xff, 0xff, 0xff, 0xff, 0xff, 0xff, 0xff, 0xff, 0xff, 0xff, 0xff, 0xff, 0xff, 0xfe, 0xff, 0xec, 0x14,
  0x04, 0x00, 0x59, 0xff, 0xfc, 0xff, 0xff, 0xff, 0xff, 0xff, 0xff, 0xff, 0xff, 0xff, 0xff, 0xff, 0xff, 0xff, 0xff, 0xff, 0xfe, 0xfe, 0xdd, 0x09,
  0x05, 0x00, 0x89, 0xfd, 0xfa, 0xff, 0xff, 0xff, 0xff, 0xff, 0xff, 0xff, 0xff, 0xff, 0xff, 0xff, 0xff, 0xff, 0xff, 0xff, 0xfa, 0xff, 0xa0, 0x00,
  0x03, 0x00, 0x44, 0xff, 0xfe, 0xfb, 0xfc, 0xfc, 0xfc, 0xfc, 0xfc, 0xfc, 0xfc, 0xfc, 0xfc, 0xfc, 0xfb, 0xfb, 0xfb, 0xfa, 0xff, 0xf4, 0x26, 0x01,
  0x00, 0x02, 0x00, 0x8b, 0xfe, 0xff, 0xff, 0xff, 0xff, 0xff, 0xff, 0xff, 0xff, 0xff, 0xff, 0xff, 0xff, 0xff, 0xff, 0xff, 0xe2, 0x43, 0x00, 0x02,
  0x00, 0x00, 0x01, 0x00, 0x31, 0x56, 0x57, 0x56, 0x55, 0x56, 0x58, 0x56, 0x55, 0x57, 0x59, 0x56, 0x6a, 0xa5, 0xa5, 0x68, 0x14, 0x00, 0x02, 0x00,
  0x00, 0x00, 0x00, 0x02, 0x00, 0x00, 0x00, 0x00, 0x00, 0x00, 0x00, 0x00, 0x00, 0x00, 0x00, 0x00, 0x00, 0x00, 0x00, 0x00, 0x00, 0x02, 0x00, 0x00,
  0x00, 0x00, 0x00, 0x00, 0x02, 0x08, 0x47, 0x10, 0x04, 0x13, 0x43, 0x0a, 0x04, 0x20, 0x3b, 0x08, 0x05, 0x2e, 0x30, 0x06, 0x02, 0x00, 0x00, 0x00,
  0x00, 0x00, 0x00, 0x03, 0x00, 0x38, 0xff, 0x7e, 0x00, 0x66, 0xff, 0x53, 0x00, 0x96, 0xff, 0x2d, 0x00, 0xc5, 0xf4, 0x13, 0x01, 0x01, 0x00, 0x00,
  0x00, 0x00, 0x00, 0x03, 0x00, 0xa5, 0xff, 0x2b, 0x02, 0xd2, 0xf4, 0x0f, 0x0e, 0xf2, 0xd5, 0x02, 0x29, 0xfe, 0xa5, 0x00, 0x03, 0x00, 0x00, 0x00,
  0x00, 0x00, 0x01, 0x01, 0x13, 0xf3, 0xb4, 0x00, 0x2d, 0xff, 0x85, 0x00, 0x53, 0xff, 0x57, 0x00, 0x7e, 0xff, 0x38, 0x00, 0x03, 0x00, 0x00, 0x00,
  0x00, 0x00, 0x00, 0x01, 0x02, 0x33, 0x8e, 0x20, 0x05, 0x4e, 0x7d, 0x15, 0x07, 0x68, 0x69, 0x0c, 0x0d, 0x44, 0x04, 0x00, 0x00, 0x00, 0x00, 0x00,
  0x00, 0x00, 0x00, 0x03, 0x00, 0x3d, 0xff, 0x7e, 0x00, 0x6d, 0xff, 0x51, 0x00, 0x9d, 0xff, 0x29, 0x00, 0x00, 0x00, 0x00, 0x00, 0x00, 0x00, 0x00,
  0x00, 0x00, 0x00, 0x02, 0x02, 0xc0, 0xfc, 0x18, 0x09, 0xe8, 0xe6, 0x04, 0x1c, 0xff, 0xbd, 0x00, 0x03, 0x03, 0x00, 0x00, 0x00, 0x00, 0x00, 0x00,
  0x00, 0x00, 0x01, 0x01, 0x12, 0xde, 0xad, 0x00, 0x2b, 0xed, 0x7f, 0x00, 0x4d, 0xf0, 0x50, 0x00, 0x03, 0x00, 0x00, 0x00, 0x00, 0x00, 0x00, 0x00,
  0x00, 0x00, 0x00, 0x01, 0x00, 0x11, 0x17, 0x01, 0x00, 0x1a, 0x10, 0x00, 0x00, 0x21, 0x08, 0x00, 0x00, 0x00, 0x00, 0x00, 0x00, 0x00, 0x00, 0x00,
};
const lv_image_dsc_t wx_showers = {
  .header = {.magic = LV_IMAGE_HEADER_MAGIC, .cf = LV_COLOR_FORMAT_RGB565A8, .flags = 0, .w = 24, .h = 24, .stride = 48, .reserved_2 = 0},
  .data_size = 1728,
  .data = wx_showers_map,
};

static const uint8_t wx_snow_map[] LV_ATTRIBUTE_MEM_ALIGN = {
  0x00, 0x00, 0x00, 0x00, 0x00, 0x00, 0xef, 0x7b, 0x00, 0x00, 0x00, 0x00, 0x32, 0x6c, 0x12, 0x7c, 0x12, 0x74, 0x36, 0x9d, 0xdc, 0xd6, 0xfc, 0xd6,
  0xfc, 0xd6, 0xfc, 0xd6, 0xfc, 0xd6, 0xfc, 0xd6, 0xfc, 0xd6, 0x1c, 0xdf, 0x5a, 0xbe, 0x93, 0x84, 0x00, 0x00, 0xaa, 0x52, 0x00, 0x00, 0x00, 0x00,
  0x00, 0x00, 0x00, 0x00, 0xef, 0x7b, 0x00, 0x00, 0x31, 0x74, 0xb4, 0x8c, 0x36, 0x9d, 0x97, 0xa5, 0x77, 0xa5, 0x7b, 0xc6, 0x1c, 0xdf, 0xfc, 0xd6,
  0xfc, 0xd6, 0xfc, 0xd6, 0xfc, 0xd6, 0xfc, 0xd6, 0xfc, 0xd6, 0xfc, 0xd6, 0x1d, 0xdf, 0x97, 0xad, 0x53, 0x7c, 0x00, 0x00, 0x55, 0x55, 0x00, 0x00,
  0x00, 0x00, 0xef, 0x7b, 0x00, 0x00, 0x52, 0x7c, 0x36, 0x95, 0xbc, 0xce, 0x1c, 0xdf, 0x1d, 0xdf, 0x1c, 0xdf, 0xfc, 0xd6, 0xfc, 0xd6, 0xfc, 0xd6,
  0xfc, 0xd6, 0xfc, 0xd6, 0xfc, 0xd6, 0xfc, 0xd6, 0xfc, 0xd6, 0xfc, 0xd6, 0x1c, 0xdf, 0xdc, 0xd6, 0xb4, 0x8c, 0x00, 0x00, 0x55, 0xad, 0x00, 0x00,
  0xff, 0xff, 0xff, 0x07, 0x32, 0x7c, 0xf5, 0x94, 0xdc, 0xd6, 0x1d, 0xdf, 0xfc, 0xd6, 0xfc, 0xd6, 0xfc, 0xd6, 0xfc, 0xd6, 0xfc, 0xd6, 0xfc, 0xd6,
  0xfc, 0xd6, 0xfc, 0xd6, 0xfc, 0xd6, 0xfc, 0xd6, 0xfc, 0xd6, 0xfc, 0xd6, 0xfc, 0xd6, 0xfc, 0xde, 0xf5, 0x94, 0xef, 0x53, 0xff, 0xff, 0x00, 0x00,
  0xd3, 0x64, 0x00, 0x00, 0x73, 0x84, 0x5a, 0xc6, 0x1d, 0xdf, 0xdc, 0xd6, 0xfc, 0xd6, 0xfc, 0xd6, 0xfc, 0xd6, 0xfc, 0xd6, 0xfc, 0xd6, 0xfc, 0xd6,
  0xfc, 0xd6, 0xfc, 0xd6, 0xfc, 0xd6, 0xfc, 0xd6, 0xfc, 0xd6, 0xfc, 0xd6, 0xfc, 0xd6, 0x1c, 0xdf, 0x36, 0x9d, 0xaf, 0x63, 0x00, 0x00, 0xff, 0x7b,
  0x55, 0xad, 0x00, 0x00, 0xd4, 0x8c, 0xfc, 0xd6, 0xfc, 0xde, 0xfc, 0xd6, 0xfc, 0xd6, 0xfc, 0xd6, 0xfc, 0xd6, 0xfc, 0xd6, 0xfc, 0xd6, 0xfc, 0xd6,
  0xfc, 0xd6, 0xfc, 0xd6, 0xfc, 0xd6, 0xfc, 0xd6, 0xfc, 0xd6, 0xfc, 0xd6, 0xfc, 0xd6, 0xfc, 0xde, 0x5a, 0xc6, 0xd4, 0x8c, 0x71, 0x74, 0xef, 0x7b,
  0xff, 0xff, 0x00, 0x00, 0xf5, 0x94, 0xfc, 0xd6, 0xfc, 0xd6, 0xfc, 0xd6, 0xfc, 0xd6, 0xfc, 0xd6, 0xfc, 0xd6, 0xfc, 0xd6, 0xfc, 0xd6, 0xfc, 0xd6,
  0xfc, 0xd6, 0xfc, 0xd6, 0xfc, 0xd6, 0xfc, 0xd6, 0xfc, 0xd6, 0xfc, 0xd6, 0xfc, 0xd6, 0xfc, 0xd6, 0x3d, 0xdf, 0x7b, 0xc6, 0x73, 0x84, 0x00, 0x00,
  0x4a, 0xad, 0x00, 0x00, 0xd4, 0x8c, 0xfc, 0xd6, 0xfc, 0xde, 0xfc, 0xd6, 0xfc, 0xd6, 0xfc, 0xd6, 0xfc, 0xd6, 0xfc, 0xd6, 0xfc, 0xd6, 0xfc, 0xd6,
  0xfc, 0xd6, 0xfc, 0xd6, 0xfc, 0xd6, 0xfc, 0xd6, 0xfc, 0xd6, 0xfc, 0xd6, 0xfc, 0xd6, 0xfc, 0xd6, 0xfc, 0xd6, 0x1d, 0xdf, 0xf5, 0x94, 0xb5, 0x52,
  0xf7, 0x7b, 0x00, 0x00, 0x73, 0x84, 0x5a, 0xbe, 0x1d, 0xdf, 0xfc, 0xd6, 0xfc, 0xd6, 0xfc, 0xd6, 0xfc, 0xd6, 0xfc, 0xd6, 0xfc, 0xd6, 0xfc, 0xd6,
  0xfc, 0xd6, 0xfc, 0xd6, 0xfc, 0xd6, 0xfc, 0xd6, 0xfc, 0xd6, 0xfc, 0xd6, 0xfc, 0xd6, 0xfc, 0xd6, 0xfc, 0xd6, 0x1d, 0xdf, 0x36, 0x9d, 0x8f, 0x63,
  0xf7, 0x7b, 0x00, 0x00, 0x52, 0x7c, 0x19, 0xb6, 0x1d, 0xdf, 0xfc, 0xd6, 0xfc, 0xd6, 0xfc, 0xd6, 0xfc, 0xd6, 0xfc, 0xd6, 0xfc, 0xd6, 0xfc, 0xd6,
  0xfc, 0xd6, 0xfc, 0xd6, 0xfc, 0xd6, 0xfc, 0xd6, 0xfc, 0xd6, 0xfc, 0xd6, 0xfc, 0xd6, 0xfc, 0xd6, 0xfc, 0xd6, 0x1d, 0xdf, 0x15, 0x95, 0x8e, 0x53,
  0xd3, 0x9c, 0x00, 0x00, 0x73, 0x84, 0xbb, 0xce, 0x1d, 0xdf, 0xdc, 0xd6, 0xfc, 0xd6, 0xfc, 0xd6, 0xfc, 0xd6, 0xfc, 0xd6, 0xfc, 0xd6, 0xfc, 0xd6,
  0xfc, 0xd6, 0xfc, 0xd6, 0xfc, 0xd6, 0xfc, 0xd6, 0xfc, 0xd6, 0xfc, 0xd6, 0xfc, 0xd6, 0xdc, 0xd6, 0x1d, 0xdf, 0xbc, 0xce, 0xb4, 0x84, 0x00, 0x00,
  0x55, 0xad, 0x00, 0x00, 0x53, 0x7c, 0xd8, 0xb5, 0x1d, 0xdf, 0x1d, 0xdf, 0x1d, 0xdf, 0x1d, 0xdf, 0x1d, 0xdf, 0x1d, 0xdf, 0x1d, 0xdf, 0x1d, 0xdf,
  0x1d, 0xdf, 0x1d, 0xdf, 0x1d, 0xdf, 0x1d, 0xdf, 0x1d, 0xdf, 0x1c, 0xdf, 0x1c, 0xdf, 0x3d, 0xdf, 0xfc, 0xd6, 0x36, 0x9d, 0x32, 0x7c, 0x00, 0x00,
  0x00, 0x00, 0xef, 0x7b, 0x00, 0x00, 0x93, 0x84, 0x97, 0xa5, 0x3a, 0xbe, 0x19, 0xbe, 0x39, 0xbe, 0x39, 0xbe, 0x39, 0xbe, 0x39, 0xbe, 0x39, 0xbe,
  0x39, 0xbe, 0x39, 0xbe, 0x39, 0xbe, 0x19, 0xbe, 0x5a, 0xbe, 0xdc, 0xd6, 0xdc, 0xd6, 0x5a, 0xbe, 0x16, 0x95, 0x73, 0x7c, 0x00, 0x00, 0xef, 0x7b,
  0x00, 0x00, 0x00, 0x00, 0xff, 0xff, 0x00, 0x00, 0x32, 0x74, 0x93, 0x84, 0x52, 0x7c, 0x53, 0x7c, 0x53, 0x7c, 0x53, 0x7c, 0x53, 0x7c, 0x53, 0x7c,
  0x53, 0x7c, 0x53, 0x7c, 0x52, 0x7c, 0x52, 0x7c, 0x73, 0x7c, 0xb4, 0x8c, 0xb4, 0x8c, 0x93, 0x84, 0xf1, 0x73, 0x00, 0x00, 0xef, 0x7b, 0x00, 0x00,
  0x00, 0x00, 0x00, 0x00, 0x00, 0x00, 0xef, 0x7b, 0x00, 0x00, 0x00, 0x00, 0x00, 0x00, 0x00, 0x00, 0x00, 0x00, 0x00, 0x00, 0x00, 0x00, 0x00, 0x00,
  0x00, 0x00, 0x00, 0x00, 0x00, 0x00, 0x00, 0x00, 0x00, 0x00, 0x00, 0x00, 0x00, 0x00, 0x00, 0x00, 0x00, 0x00, 0xb5, 0x52, 0x00, 0x00, 0x00, 0x00,
  0x00, 0x00, 0x00, 0x00, 0x00, 0x00, 0x00, 0x00, 0xff, 0x7b, 0xd9, 0x9c, 0xb6, 0x95, 0xd3, 0x64, 0xef, 0x7b, 0xef, 0x7b, 0xef, 0x7b, 0x55, 0x7d,
  0xb6, 0x95, 0xf7, 0x7d, 0xef, 0x7b, 0xef, 0x7b, 0xf7, 0x7b, 0x5a, 0x7d, 0x5a, 0xad, 0xf7, 0x7d, 0xff, 0xff, 0x00, 0x00, 0x00, 0x00, 0x00, 0x00,
  0x00, 0x00, 0x00, 0x00, 0x00, 0x00, 0x00, 0x00, 0x1f, 0x00, 0x00, 0x00, 0x00, 0x00, 0x00, 0x00, 0x00, 0x00, 0x00, 0x00, 0x1f, 0x00, 0x00, 0x00,
  0x00, 0x00, 0x00, 0x00, 0x00, 0x00, 0x00, 0x00, 0xff, 0x07, 0x00, 0x00, 0x00, 0x00, 0x00, 0x00, 0x00, 0x00, 0x00, 0x00, 0x00, 0x00, 0x00, 0x00,
  0x00, 0x00, 0x00, 0x00, 0x00, 0x00, 0xff, 0xff, 0x00, 0x00, 0x9d, 0x7d, 0x3e, 0x8e, 0x5f, 0x7e, 0x00, 0x00, 0xff, 0xff, 0x00, 0x00, 0xbd, 0x85,
  0x1e, 0x86, 0xf7, 0x7d, 0x00, 0x00, 0x00, 0x00, 0x00, 0x00, 0x1e, 0x86, 0xfe, 0x85, 0xff, 0x07, 0x00, 0x00, 0x00, 0x00, 0x00, 0x00, 0x00, 0x00,
  0x00, 0x00, 0x00, 0x00, 0xff, 0xff, 0xff, 0xff, 0xdc, 0x7d, 0x1e, 0x86, 0x9f, 0x8e, 0x1e, 0x86, 0x00, 0x00, 0xff, 0x7b, 0xfe, 0x7d, 0x1e, 0x86,
  0x3f, 0x86, 0xfd, 0x85, 0x00, 0x00, 0x00, 0x00, 0xfe, 0x85, 0x1e, 0x86, 0x1e, 0x86, 0x1d, 0x86, 0x00, 0x00, 0xff, 0xff, 0x00, 0x00, 0x00, 0x00,
  0x00, 0x00, 0x00, 0x00, 0xff, 0xaf, 0x00, 0x00, 0xfd, 0x85, 0x5f, 0x8e, 0x9f, 0x8e, 0xfe, 0x85, 0x00, 0x00, 0x00, 0x00, 0xfd, 0x85, 0x9f, 0x8e,
  0x9f, 0x8e, 0xfe, 0x85, 0x00, 0x00, 0x00, 0x00, 0xfd, 0x85, 0x9f, 0x8e, 0x7f, 0x8e, 0x1e, 0x86, 0x00, 0x00, 0xf7, 0x7d, 0x00, 0x00, 0x00, 0x00,
  0x00, 0x00, 0x00, 0x00, 0x00, 0x00, 0xff, 0xff, 0x1f, 0x00, 0xfe, 0x85, 0x5e, 0x8e, 0x1e, 0x86, 0x00, 0x00, 0xff, 0x7f, 0x7f, 0x66, 0xfe, 0x85,
  0x3e, 0x86, 0xfe, 0x85, 0x00, 0x00, 0x00, 0x00, 0x3d, 0x8e, 0x1e, 0x86, 0xfe, 0x85, 0x3f, 0x8e, 0x00, 0x00, 0x00, 0x00, 0x00, 0x00, 0x00, 0x00,
  0x00, 0x00, 0x00, 0x00, 0x00, 0x00, 0x00, 0x00, 0x00, 0x00, 0x00, 0x00, 0x00, 0x00, 0x00, 0x00, 0x00, 0x00, 0x00, 0x00, 0x00, 0x00, 0x00, 0x00,
  0x00, 0x00, 0x00, 0x00, 0x00, 0x00, 0x00, 0x00, 0x00, 0x00, 0x00, 0x00, 0x00, 0x00, 0x00, 0x00, 0x00, 0x00, 0x00, 0x00, 0x00, 0x00, 0x00, 0x00,
  0x00, 0x00, 0x00, 0x00, 0x00, 0x00, 0x00, 0x00, 0x00, 0x00, 0x5f, 0xad, 0xff, 0xaf, 0xef, 0x7b, 0x00, 0x00, 0x00, 0x00, 0x00, 0x00, 0xff, 0xaf,
  0x5f, 0xad, 0xff, 0xff, 0x00, 0x00, 0x00, 0x00, 0xff, 0x07, 0xf7, 0x7d, 0x5f, 0xad, 0x00, 0x00, 0x00, 0x00, 0x00, 0x00, 0x00, 0x00, 0x00, 0x00,
  0x00, 0x00, 0x00, 0x00, 0x00, 0x00, 0x00, 0x00, 0x00, 0x00, 0x00, 0x00, 0x00, 0x00, 0x00, 0x00, 0x00, 0x00, 0x00, 0x00, 0x00, 0x00, 0x00, 0x00,
  0x00, 0x00, 0x00, 0x00, 0x00, 0x00, 0x00, 0x00, 0x00, 0x00, 0x00, 0x00, 0x00, 0x00, 0x00, 0x00, 0x00, 0x00, 0x00, 0x00, 0x00, 0x00, 0x00, 0x00,
  0x00, 0x00, 0x00, 0x02, 0x00, 0x00, 0x15, 0x33, 0x4b, 0xee, 0xfe, 0xfe, 0xff, 0xff, 0xff, 0xff, 0xff, 0xfc, 0xff, 0x99, 0x00, 0x03, 0x00, 0x00,
  0x00, 0x00, 0x02, 0x00, 0x20, 0xa3, 0xe7, 0xfd, 0xff, 0xff, 0xff, 0xff, 0xff, 0xff, 0xff, 0xff, 0xff, 0xff, 0xfd, 0xff, 0x3e, 0x00, 0x03, 0x00,
  0x00, 0x02, 0x00, 0x2e, 0xe8, 0xff, 0xff, 0xff, 0xff, 0xfe, 0xff, 0xff, 0xff, 0xff, 0xff, 0xff, 0xff, 0xff, 0xfb, 0xff, 0xa6, 0x00, 0x03, 0x00,
  0x01, 0x01, 0x11, 0xe1, 0xff, 0xfa, 0xfe, 0xff, 0xff, 0xff, 0xff, 0xff, 0xff, 0xff, 0xff, 0xff, 0xff, 0xff, 0xfe, 0xff, 0xe1, 0x06, 0x01, 0x00,
  0x05, 0x00, 0x71, 0xff, 0xfa, 0xff, 0xff, 0xff, 0xff, 0xff, 0xff, 0xff, 0xff, 0xff, 0xff, 0xff, 0xff, 0xff, 0xfe, 0xfe, 0xf3, 0x1c, 0x00, 0x02,
  0x03, 0x00, 0xba, 0xfe, 0xfc, 0xff, 0xff, 0xff, 0xff, 0xff, 0xff, 0xff, 0xff, 0xff, 0xff, 0xff, 0xff, 0xff, 0xff, 0xfd, 0xfe, 0xc7, 0x09, 0x02,
  0x01, 0x00, 0xd3, 0xff, 0xfd, 0xff, 0xff, 0xff, 0xff, 0xff, 0xff, 0xff, 0xff, 0xff, 0xff, 0xff, 0xff, 0xff, 0xff, 0xff, 0xfb, 0xff, 0x7b, 0x00,
  0x03, 0x00, 0xc3, 0xff, 0xfc, 0xff, 0xff, 0xff, 0xff, 0xff, 0xff, 0xff, 0xff, 0xff, 0xff, 0xff, 0xff, 0xff, 0xff, 0xff, 0xfd, 0xfd, 0xd0, 0x03,
  0x04, 0x00, 0x79, 0xff, 0xfb, 0xff, 0xff, 0xff, 0xff, 0xff, 0xff, 0xff, 0xff, 0xff, 0xff, 0xff, 0xff, 0xff, 0xff, 0xff, 0xfe, 0xff, 0xec, 0x14,
  0x04, 0x00, 0x59, 0xff, 0xfc, 0xff, 0xff, 0xff, 0xff, 0xff, 0xff, 0xff, 0xff, 0xff, 0xff, 0xff, 0xff, 0xff, 0xff, 0xff, 0xfe, 0xfe, 0xdd, 0x09,
  0x05, 0x00, 0x89, 0xfd, 0xfa, 0xff, 0xff, 0xff, 0xff, 0xff, 0xff, 0xff, 0xff, 0xff, 0xff, 0xff, 0xff, 0xff, 0xff, 0xff, 0xfa, 0xff, 0xa0, 0x00,
  0x03, 0x00, 0x44, 0xff, 0xfe, 0xfb, 0xfc, 0xfc, 0xfc, 0xfc, 0xfc, 0xfc, 0xfc, 0xfc, 0xfc, 0xfc, 0xfb, 0xfb, 0xfb, 0xfa, 0xff, 0xf4, 0x26, 0x01,
  0x00, 0x02, 0x00, 0x8b, 0xfe, 0xff, 0xff, 0xff, 0xff, 0xff, 0xff, 0xff, 0xff, 0xff, 0xff, 0xff, 0xff, 0xff, 0xff, 0xff, 0xe2, 0x43, 0x00, 0x02,
  0x00, 0x00, 0x01, 0x00, 0x31, 0x55, 0x54, 0x55, 0x55, 0x55, 0x55, 0x55, 0x55, 0x55, 0x56, 0x56, 0x6a, 0xa3, 0xa3, 0x68, 0x14, 0x00, 0x02, 0x00,
  0x00, 0x00, 0x00, 0x02, 0x00, 0x00, 0x00, 0x00, 0x00, 0x00, 0x00, 0x00, 0x00, 0x00, 0x00, 0x00, 0x00, 0x00, 0x00, 0x00, 0x00, 0x03, 0x00, 0x00,
  0x00, 0x00, 0x00, 0x00, 0x02, 0x05, 0x07, 0x05, 0x04, 0x04, 0x04, 0x06, 0x07, 0x04, 0x04, 0x04, 0x04, 0x06, 0x06, 0x04, 0x01, 0x00, 0x00, 0x00,
  0x00, 0x00, 0x00, 0x00, 0x01, 0x00, 0x00, 0x00, 0x00, 0x00, 0x01, 0x00, 0x00, 0x00, 0x00, 0x00, 0x01, 0x00, 0x00, 0x00, 0x00, 0x00, 0x00, 0x00,
  0x00, 0x00, 0x00, 0x01, 0x00, 0x1b, 0x4e, 0x0e, 0x00, 0x01, 0x00, 0x27, 0x4d, 0x04, 0x00, 0x00, 0x00, 0x33, 0x46, 0x01, 0x00, 0x00, 0x00, 0x00,
  0x00, 0x00, 0x01, 0x01, 0x16, 0xcc, 0xff, 0x66, 0x00, 0x02, 0x28, 0xe8, 0xff, 0x43, 0x00, 0x00, 0x4c, 0xfa, 0xef, 0x1d, 0x00, 0x01, 0x00, 0x00,
  0x00, 0x00, 0x03, 0x00, 0x48, 0xff, 0xff, 0xbe, 0x00, 0x00, 0x6f, 0xff, 0xff, 0x97, 0x00, 0x00, 0xb8, 0xff, 0xff, 0x4a, 0x00, 0x04, 0x00, 0x00,
  0x00, 0x00, 0x00, 0x01, 0x01, 0x57, 0xa0, 0x2d, 0x00, 0x02, 0x05, 0x6d, 0x9d, 0x17, 0x00, 0x00, 0x0d, 0x7f, 0x92, 0x09, 0x00, 0x00, 0x00, 0x00,
  0x00, 0x00, 0x00, 0x00, 0x00, 0x00, 0x00, 0x00, 0x00, 0x00, 0x00, 0x00, 0x00, 0x00, 0x00, 0x00, 0x00, 0x00, 0x00, 0x00, 0x00, 0x00, 0x00, 0x00,
  0x00, 0x00, 0x00, 0x00, 0x00, 0x03, 0x03, 0x02, 0x00, 0x00, 0x00, 0x03, 0x03, 0x01, 0x00, 0x00, 0x01, 0x04, 0x03, 0x00, 0x00, 0x00, 0x00, 0x00,
  0x00, 0x00, 0x00, 0x00, 0x00, 0x00, 0x00, 0x00, 0x00, 0x00, 0x00, 0x00, 0x00, 0x00, 0x00, 0x00, 0x00, 0x00, 0x00, 0x00, 0x00, 0x00, 0x00, 0x00,
};
const lv_image_dsc_t wx_snow = {
  .header = {.magic = LV_IMAGE_HEADER_MAGIC, .cf = LV_COLOR_FORMAT_RGB565A8, .flags = 0, .w = 24, .h = 24, .stride = 48, .reserved_2 = 0},
  .data_size = 1728,
  .data = wx_snow_map,
};

static const uint8_t wx_fog_map[] LV_ATTRIBUTE_MEM_ALIGN = {
  0x00, 0x00, 0x00, 0x00, 0x00, 0x00, 0x00, 0x00, 0xff, 0xff, 0x00, 0x00, 0xed, 0x5a, 0xd0, 0x6b, 0xb0, 0x6b, 0x31, 0x7c, 0x97, 0xa5, 0xb7, 0xad,
  0xb7, 0xad, 0xb7, 0xad, 0xb7, 0xad, 0xb7, 0xad, 0xb7, 0xad, 0x97, 0xa5, 0x32, 0x7c, 0xcf, 0x6b, 0x00, 0x00, 0xff, 0xff, 0x00, 0x00, 0x00, 0x00,
  0x00, 0x00, 0x00, 0x00, 0x00, 0x00, 0xef, 0x7b, 0x00, 0x00, 0xf0, 0x73, 0x72, 0x84, 0xd4, 0x94, 0xf5, 0x94, 0x56, 0x9d, 0xb8, 0xad, 0x97, 0xad,
  0xb7, 0xad, 0xb7, 0xad, 0xb7, 0xad, 0xb7, 0xad, 0x97, 0xad, 0xd8, 0xad, 0x76, 0xa5, 0xf0, 0x73, 0x00, 0x00, 0x55, 0xad, 0x00, 0x00, 0x00, 0x00,
  0x00, 0x00, 0x00, 0x00, 0xef, 0x7b, 0x00, 0x00, 0xd0, 0x73, 0x35, 0x9d, 0xb8, 0xad, 0xb8, 0xad, 0xd8, 0xad, 0xb8, 0xad, 0xb7, 0xad, 0xb7, 0xad,
  0xb7, 0xad, 0xb7, 0xad, 0xb7, 0xad, 0xb7, 0xad, 0xb7, 0xad, 0x97, 0xad, 0xb8, 0xad, 0x52, 0x7c, 0xae, 0x63, 0x00, 0x00, 0xff, 0xff, 0x00, 0x00,
  0x00, 0x00, 0xaa, 0x52, 0x00, 0x00, 0xaf, 0x6b, 0xd4, 0x8c, 0xd8, 0xad, 0xb7, 0xad, 0x97, 0xad, 0x97, 0xad, 0xb7, 0xad, 0xb7, 0xad, 0xb7, 0xad,
  0xb7, 0xad, 0xb7, 0xad, 0xb7, 0xad, 0xb7, 0xad, 0xb7, 0xad, 0x97, 0xad, 0xb8, 0xad, 0x93, 0x8c, 0x6f, 0x63, 0x00, 0x00, 0xef, 0x7b, 0x00, 0x00,
  0x00, 0x00, 0x55, 0xad, 0x00, 0x00, 0xf1, 0x73, 0x97, 0xa5, 0xb8, 0xad, 0x97, 0xad, 0xb7, 0xad, 0xb7, 0xad, 0xb7, 0xad, 0xb7, 0xad, 0xb7, 0xad,
  0xb7, 0xad, 0xb7, 0xad, 0xb7, 0xad, 0xb7, 0xad, 0xb7, 0xad, 0x97, 0xad, 0xb8, 0xad, 0x15, 0x95, 0xd0, 0x73, 0x00, 0x00, 0xef, 0x7b, 0x00, 0x00,
  0x00, 0x00, 0xff, 0x07, 0x00, 0x00, 0x31, 0x7c, 0xb8, 0xad, 0xb7, 0xad, 0xb7, 0xad, 0xb7, 0xad, 0xb7, 0xad, 0xb7, 0xad, 0xb7, 0xad, 0xb7, 0xad,
  0xb7, 0xad, 0xb7, 0xad, 0xb7, 0xad, 0xb7, 0xad, 0xb7, 0xad, 0xb7, 0xad, 0x97, 0xad, 0xb8, 0xad, 0xd4, 0x8c, 0x8f, 0x6b, 0x00, 0x00, 0xb5, 0x52,
  0x00, 0x00, 0xef, 0x7b, 0x00, 0x00, 0x31, 0x7c, 0xb8, 0xad, 0xb8, 0xad, 0xb7, 0xad, 0xb7, 0xad, 0xb7, 0xad, 0xb7, 0xad, 0xb7, 0xad, 0xb7, 0xad,
  0xb7, 0xad, 0xb7, 0xad, 0xb7, 0xad, 0xb7, 0xad, 0xb7, 0xad, 0xb7, 0xad, 0xb7, 0xad, 0xb8, 0xad, 0x97, 0xa5, 0x11, 0x74, 0x00, 0x00, 0xef, 0x7b,
  0x00, 0x00, 0xef, 0x7b, 0x00, 0x00, 0xf0, 0x73, 0x56, 0x9d, 0xb8, 0xad, 0x97, 0xad, 0xb7, 0xad, 0xb7, 0xad, 0xb7, 0xad, 0xb7, 0xad, 0xb7, 0xad,
  0xb7, 0xad, 0xb7, 0xad, 0xb7, 0xad, 0xb7, 0xad, 0xb7, 0xad, 0xb7, 0xad, 0xb7, 0xad, 0xb7, 0xad, 0xb8, 0xad, 0x32, 0x7c, 0x00, 0x00, 0xff, 0xff,
  0x00, 0x00, 0xef, 0x7b, 0x00, 0x00, 0xd0, 0x6b, 0x15, 0x9d, 0xb8, 0xad, 0x97, 0xad, 0xb7, 0xad, 0xb7, 0xad, 0xb7, 0xad, 0xb7, 0xad, 0xb7, 0xad,
  0xb7, 0xad, 0xb7, 0xad, 0xb7, 0xad, 0xb7, 0xad, 0xb7, 0xad, 0xb7, 0xad, 0xb7, 0xad, 0xb8, 0xad, 0xb8, 0xad, 0x11, 0x7c, 0x00, 0x00, 0x55, 0xad,
  0x00, 0x00, 0xef, 0x7b, 0x00, 0x00, 0xf0, 0x73, 0x77, 0xa5, 0xd8, 0xad, 0xb7, 0xad, 0xb7, 0xad, 0xb7, 0xad, 0xb7, 0xad, 0xb7, 0xad, 0xb7, 0xad,
  0xb7, 0xad, 0xb7, 0xad, 0xb7, 0xad, 0xb7, 0xad, 0x97, 0xad, 0x97, 0xad, 0x97, 0xad, 0xd8, 0xb5, 0x36, 0x9d, 0xd0, 0x73, 0x00, 0x00, 0xef, 0x7b,
  0x00, 0x00, 0xef, 0x7b, 0x00, 0x00, 0xb0, 0x73, 0x73, 0x84, 0xb7, 0xad, 0xb8, 0xad, 0xb8, 0xad, 0xb8, 0xad, 0xb8, 0xad, 0xb8, 0xad, 0xb8, 0xad,
  0xb8, 0xad, 0xb8, 0xad, 0xb8, 0xad, 0xb8, 0xad, 0xb8, 0xad, 0xb8, 0xad, 0xb8, 0xad, 0x76, 0xa5, 0x11, 0x74, 0x6d, 0x6b, 0xef, 0x7b, 0x00, 0x00,
  0x00, 0x00, 0x00, 0x00, 0xef, 0x7b, 0x00, 0x00, 0xd0, 0x73, 0x32, 0x7c, 0x52, 0x7c, 0x32, 0x7c, 0x31, 0x7c, 0x31, 0x7c, 0x31, 0x7c, 0x31, 0x7c,
  0x31, 0x7c, 0x31, 0x7c, 0x32, 0x7c, 0x31, 0x7c, 0x72, 0x84, 0xd4, 0x8c, 0x73, 0x84, 0x11, 0x74, 0xf1, 0x6b, 0x00, 0x00, 0xff, 0xff, 0x00, 0x00,
  0x00, 0x00, 0x00, 0x00, 0x00, 0x00, 0xff, 0xff, 0x00, 0x00, 0x00, 0x00, 0x00, 0x00, 0x00, 0x00, 0x00, 0x00, 0x00, 0x00, 0x00, 0x00, 0x00, 0x00,
  0x00, 0x00, 0x00, 0x00, 0x00, 0x00, 0x00, 0x00, 0x6e, 0x63, 0x11, 0x74, 0x6f, 0x63, 0x00, 0x00, 0x00, 0x00, 0x00, 0x00, 0x00, 0x00, 0x00, 0x00,
  0x00, 0x00, 0x00, 0x00, 0x1f, 0x00, 0x5f, 0xad, 0x55, 0xad, 0x55, 0xad, 0xf7, 0xbd, 0xf7, 0xbd, 0xf7, 0xbd, 0xf7, 0xbd, 0xf7, 0xbd, 0xf7, 0xbd,
  0xf7, 0xbd, 0xf7, 0xbd, 0xf7, 0xbd, 0xf7, 0xbd, 0x00, 0x00, 0x00, 0x00, 0x00, 0x00, 0x55, 0xad, 0xf7, 0xbd, 0x00, 0x00, 0x00, 0x00, 0x00, 0x00,
  0x00, 0x00, 0x00, 0x00, 0x00, 0x00, 0x00, 0x00, 0x00, 0x00, 0x00, 0x00, 0x00, 0x00, 0x00, 0x00, 0x00, 0x00, 0x00, 0x00, 0x00, 0x00, 0x00, 0x00,
  0x00, 0x00, 0x00, 0x00, 0x00, 0x00, 0x00, 0x00, 0x00, 0x00, 0x00, 0x00, 0x00, 0x00, 0x00, 0x00, 0x00, 0x00, 0x00, 0x00, 0x00, 0x00, 0x00, 0x00,
  0xef, 0x7b, 0x00, 0x00, 0xb7, 0xa5, 0xb8, 0xad, 0xb7, 0xad, 0x97, 0xad, 0x97, 0xad, 0x97, 0xad, 0x97, 0xad, 0x97, 0xad, 0x97, 0xad, 0x97, 0xad,
  0x97, 0xad, 0x97, 0xad, 0x97, 0xad, 0x97, 0xad, 0x97, 0xad, 0x97, 0xad, 0x97, 0xad, 0xb7, 0xad, 0xb8, 0xad, 0xb7, 0xa5, 0x00, 0x00, 0xef, 0x7b,
  0xef, 0x7b, 0x00, 0x00, 0xb7, 0xa5, 0xb8, 0xad, 0xb7, 0xad, 0x97, 0xad, 0xb7, 0xad, 0x97, 0xad, 0x97, 0xad, 0x97, 0xad, 0x97, 0xad, 0x97, 0xad,
  0x97, 0xad, 0x97, 0xad, 0x97, 0xad, 0x97, 0xad, 0x97, 0xad, 0xb7, 0xad, 0x97, 0xad, 0xb7, 0xad, 0xb8, 0xad, 0xb7, 0xa5, 0x00, 0x00, 0xef, 0x7b,
  0x00, 0x00, 0x00, 0x00, 0x00, 0x00, 0x00, 0x00, 0x00, 0x00, 0x00, 0x00, 0x00, 0x00, 0x00, 0x00, 0x00, 0x00, 0x00, 0x00, 0x00, 0x00, 0x00, 0x00,
  0x00, 0x00, 0x00, 0x00, 0x00, 0x00, 0x00, 0x00, 0x00, 0x00, 0x00, 0x00, 0x00, 0x00, 0x00, 0x00, 0x00, 0x00, 0x00, 0x00, 0x00, 0x00, 0x00, 0x00,
  0x00, 0x00, 0x00, 0x00, 0xff, 0x7f, 0x5f, 0xad, 0xd8, 0xad, 0xf9, 0xb5, 0xb7, 0xad, 0xb7, 0xad, 0xb7, 0xad, 0xb7, 0xad, 0xb7, 0xad, 0xb7, 0xad,
  0xb7, 0xad, 0xb7, 0xad, 0xb7, 0xad, 0xb7, 0xad, 0xb7, 0xad, 0xb7, 0xad, 0xf9, 0xb5, 0xd8, 0xad, 0x5f, 0xad, 0xff, 0x7f, 0x00, 0x00, 0x00, 0x00,
  0x00, 0x00, 0x00, 0x00, 0xf7, 0x7d, 0xff, 0xff, 0x98, 0xad, 0xf9, 0xb5, 0xb7, 0xad, 0xb7, 0xad, 0xb7, 0xad, 0xb7, 0xad, 0xb7, 0xad, 0xb7, 0xad,
  0xb7, 0xad, 0xb7, 0xad, 0xb7, 0xad, 0xb7, 0xad, 0xb7, 0xad, 0xb7, 0xad, 0xf9, 0xb5, 0x98, 0xad, 0xff, 0xff, 0xf7, 0x7d, 0x00, 0x00, 0x00, 0x00,
  0x00, 0x00, 0x00, 0x00, 0x00, 0x00, 0x00, 0x00, 0x00, 0x00, 0x38, 0xc6, 0x58, 0xad, 0x58, 0xad, 0x58, 0xad, 0x58, 0xad, 0x58, 0xad, 0x58, 0xad,
  0x58, 0xad, 0x58, 0xad, 0x58, 0xad, 0x58, 0xad, 0x58, 0xad, 0x58, 0xad, 0x38, 0xc6, 0x00, 0x00, 0x00, 0x00, 0x00, 0x00, 0x00, 0x00, 0x00, 0x00,
  0x00, 0x00, 0x00, 0x00, 0xff, 0xff, 0xb6, 0xa5, 0xf7, 0xad, 0x58, 0xad, 0x58, 0xad, 0x58, 0xad, 0x58, 0xad, 0x58, 0xad, 0x58, 0xad, 0x58, 0xad,
  0x58, 0xad, 0x58, 0xad, 0x58, 0xad, 0x58, 0xad, 0x58, 0xad, 0x58, 0xad, 0x58, 0xad, 0xf7, 0xad, 0xb6, 0xa5, 0xff, 0xff, 0x00, 0x00, 0x00, 0x00,
  0x55, 0xad, 0x00, 0x00, 0x97, 0xad, 0xb8, 0xad, 0xb7, 0xad, 0xb7, 0xad, 0xb7, 0xad, 0xb7, 0xad, 0xb7, 0xad, 0xb7, 0xad, 0xb7, 0xad, 0xb7, 0xad,
  0xb7, 0xad, 0xb7, 0xad, 0xb7, 0xad, 0xb7, 0xad, 0xb7, 0xad, 0xb7, 0xad, 0xb7, 0xad, 0xb7, 0xad, 0xb8, 0xad, 0x97, 0xad, 0x00, 0x00, 0x55, 0xad,
  0xff, 0xff, 0x00, 0x00, 0xd8, 0xad, 0xb8, 0xad, 0xb7, 0xad, 0xb7, 0xad, 0xb7, 0xad, 0xb7, 0xad, 0xb7, 0xad, 0xb7, 0xad, 0xb7, 0xad, 0xb7, 0xad,
  0xb7, 0xad, 0xb7, 0xad, 0xb7, 0xad, 0xb7, 0xad, 0xb7, 0xad, 0xb7, 0xad, 0xb7, 0xad, 0xb7, 0xad, 0xb8, 0xad, 0xd8, 0xad, 0x00, 0x00, 0xff, 0xff,
  0x00, 0x00, 0x00, 0x00, 0x01, 0x00, 0x10, 0x48, 0x5e, 0xe1, 0xff, 0xfe, 0xff, 0xff, 0xff, 0xff, 0xfe, 0xfe, 0xe1, 0x11, 0x01, 0x01, 0x00, 0x00,
  0x00, 0x00, 0x00, 0x02, 0x00, 0x70, 0xe1, 0xff, 0xff, 0xff, 0xff, 0xff, 0xff, 0xff, 0xff, 0xff, 0xff, 0xfc, 0xff, 0x90, 0x00, 0x03, 0x00, 0x00,
  0x00, 0x00, 0x02, 0x00, 0x8d, 0xff, 0xff, 0xfe, 0xfd, 0xfe, 0xff, 0xff, 0xff, 0xff, 0xff, 0xff, 0xff, 0xfe, 0xfe, 0xea, 0x0d, 0x00, 0x01, 0x00,
  0x00, 0x03, 0x00, 0x40, 0xff, 0xfa, 0xfd, 0xff, 0xff, 0xff, 0xff, 0xff, 0xff, 0xff, 0xff, 0xff, 0xff, 0xff, 0xfe, 0xfc, 0x21, 0x01, 0x02, 0x00,
  0x00, 0x03, 0x00, 0xa3, 0xfe, 0xfb, 0xff, 0xff, 0xff, 0xff, 0xff, 0xff, 0xff, 0xff, 0xff, 0xff, 0xff, 0xff, 0xfc, 0xff, 0x8f, 0x00, 0x02, 0x00,
  0x00, 0x01, 0x00, 0xd1, 0xff, 0xfd, 0xff, 0xff, 0xff, 0xff, 0xff, 0xff, 0xff, 0xff, 0xff, 0xff, 0xff, 0xff, 0xff, 0xfd, 0xff, 0x42, 0x00, 0x03,
  0x00, 0x02, 0x00, 0xc8, 0xff, 0xfc, 0xff, 0xff, 0xff, 0xff, 0xff, 0xff, 0xff, 0xff, 0xff, 0xff, 0xff, 0xff, 0xff, 0xfb, 0xfe, 0xae, 0x00, 0x04,
  0x00, 0x04, 0x00, 0x80, 0xff, 0xfb, 0xff, 0xff, 0xff, 0xff, 0xff, 0xff, 0xff, 0xff, 0xff, 0xff, 0xff, 0xff, 0xff, 0xfd, 0xff, 0xd3, 0x00, 0x01,
  0x00, 0x04, 0x00, 0x61, 0xfe, 0xfc, 0xff, 0xff, 0xff, 0xff, 0xff, 0xff, 0xff, 0xff, 0xff, 0xff, 0xff, 0xff, 0xff, 0xfc, 0xfd, 0xc2, 0x00, 0x03,
  0x00, 0x04, 0x00, 0x7f, 0xff, 0xf8, 0xfd, 0xfd, 0xfd, 0xfd, 0xfd, 0xfd, 0xfd, 0xfd, 0xfd, 0xfd, 0xfe, 0xff, 0xfe, 0xf9, 0xff, 0x6a, 0x00, 0x04,
  0x00, 0x02, 0x01, 0x2d, 0xfb, 0xff, 0xff, 0xff, 0xff, 0xff, 0xff, 0xff, 0xff, 0xff, 0xff, 0xff, 0xff, 0xfe, 0xff, 0xff, 0xc8, 0x07, 0x02, 0x01,
  0x00, 0x00, 0x02, 0x00, 0x44, 0xba, 0xce, 0xcf, 0xd0, 0xd0, 0xd0, 0xd0, 0xd0, 0xd0, 0xd0, 0xd2, 0xf6, 0xff, 0xee, 0x97, 0x10, 0x00, 0x01, 0x00,
  0x00, 0x00, 0x00, 0x01, 0x00, 0x00, 0x00, 0x00, 0x00, 0x00, 0x00, 0x00, 0x00, 0x00, 0x00, 0x00, 0x1e, 0x2f, 0x17, 0x00, 0x00, 0x01, 0x00, 0x00,
  0x00, 0x00, 0x01, 0x03, 0x06, 0x06, 0x04, 0x04, 0x04, 0x04, 0x04, 0x04, 0x04, 0x04, 0x04, 0x04, 0x00, 0x00, 0x00, 0x06, 0x04, 0x01, 0x00, 0x00,
  0x00, 0x00, 0x00, 0x00, 0x00, 0x00, 0x00, 0x00, 0x00, 0x00, 0x00, 0x00, 0x00, 0x00, 0x00, 0x00, 0x00, 0x00, 0x00, 0x00, 0x00, 0x00, 0x00, 0x00,
  0x02, 0x00, 0x23, 0xba, 0xb9, 0xba, 0xba, 0xba, 0xba, 0xba, 0xba, 0xba, 0xba, 0xba, 0xba, 0xba, 0xba, 0xba, 0xba, 0xb9, 0xba, 0x23, 0x00, 0x02,
  0x02, 0x00, 0x23, 0xba, 0xba, 0xbe, 0xbd, 0xbe, 0xbe, 0xbe, 0xbe, 0xbe, 0xbe, 0xbe, 0xbe, 0xbe, 0xbe, 0xbd, 0xbe, 0xba, 0xba, 0x23, 0x00, 0x02,
  0x00, 0x00, 0x00, 0x00, 0x00, 0x00, 0x00, 0x00, 0x00, 0x00, 0x00, 0x00, 0x00, 0x00, 0x00, 0x00, 0x00, 0x00, 0x00, 0x00, 0x00, 0x00, 0x00, 0x00,
  0x00, 0x00, 0x02, 0x03, 0x21, 0x5d, 0x5c, 0x5d, 0x5d, 0x5d, 0x5d, 0x5d, 0x5d, 0x5d, 0x5d, 0x5d, 0x5d, 0x5c, 0x5d, 0x21, 0x03, 0x02, 0x00, 0x00,
  0x00, 0x00, 0x04, 0x01, 0x56, 0xff, 0xfc, 0xff, 0xff, 0xff, 0xff, 0xff, 0xff, 0xff, 0xff, 0xff, 0xff, 0xfc, 0xff, 0x56, 0x01, 0x04, 0x00, 0x00,
  0x00, 0x00, 0x00, 0x00, 0x00, 0x09, 0x09, 0x09, 0x09, 0x09, 0x09, 0x09, 0x09, 0x09, 0x09, 0x09, 0x09, 0x09, 0x09, 0x00, 0x00, 0x00, 0x00, 0x00,
  0x00, 0x00, 0x02, 0x0e, 0x0c, 0x09, 0x09, 0x09, 0x09, 0x09, 0x09, 0x09, 0x09, 0x09, 0x09, 0x09, 0x09, 0x09, 0x09, 0x0c, 0x0e, 0x02, 0x00, 0x00,
  0x03, 0x00, 0x2f, 0xf9, 0xf9, 0xfa, 0xfa, 0xfa, 0xfa, 0xfa, 0xfa, 0xfa, 0xfa, 0xfa, 0xfa, 0xfa, 0xfa, 0xfa, 0xfa, 0xf9, 0xf9, 0x2f, 0x00, 0x03,
  0x01, 0x00, 0x12, 0x60, 0x60, 0x60, 0x60, 0x60, 0x60, 0x60, 0x60, 0x60, 0x60, 0x60, 0x60, 0x60, 0x60, 0x60, 0x60, 0x60, 0x60, 0x12, 0x00, 0x01,
};
const lv_image_dsc_t wx_fog = {
  .header = {.magic = LV_IMAGE_HEADER_MAGIC, .cf = LV_COLOR_FORMAT_RGB565A8, .flags = 0, .w = 24, .h = 24, .stride = 48, .reserved_2 = 0},
  .data_size = 1728,
  .data = wx_fog_map,
};

static const uint8_t wx_storm_map[] LV_ATTRIBUTE_MEM_ALIGN = {
  0x00, 0x00, 0x00, 0x00, 0x00, 0x00, 0xef, 0x7b, 0x00, 0x00, 0x00, 0x00, 0x4a, 0x3a, 0x8b, 0x42, 0x4b, 0x42, 0x0e, 0x53, 0x12, 0x74, 0x32, 0x7c,
  0x32, 0x7c, 0x32, 0x7c, 0x32, 0x7c, 0x32, 0x7c, 0x12, 0x74, 0x32, 0x7c, 0xd0, 0x6b, 0xac, 0x4a, 0x00, 0x00, 0xaa, 0x52, 0x00, 0x00, 0x00, 0x00,
  0x00, 0x00, 0x00, 0x00, 0xef, 0x7b, 0x00, 0x00, 0x6a, 0x42, 0xcd, 0x4a, 0x0e, 0x5b, 0x4e, 0x5b, 0x2e, 0x5b, 0xf1, 0x73, 0x32, 0x7c, 0x32, 0x7c,
  0x32, 0x7c, 0x32, 0x7c, 0x32, 0x7c, 0x32, 0x7c, 0x32, 0x7c, 0x12, 0x74, 0x32, 0x7c, 0x4f, 0x5b, 0x8b, 0x42, 0x00, 0x00, 0xaa, 0x52, 0x00, 0x00,
  0x00, 0x00, 0xef, 0x7b, 0x00, 0x00, 0x6b, 0x4a, 0x0e, 0x53, 0x12, 0x74, 0x32, 0x7c, 0x32, 0x7c, 0x32, 0x7c, 0x32, 0x7c, 0x32, 0x7c, 0x32, 0x7c,
  0x32, 0x7c, 0x32, 0x7c, 0x32, 0x7c, 0x32, 0x7c, 0x32, 0x7c, 0x32, 0x7c, 0x32, 0x7c, 0x12, 0x74, 0xac, 0x4a, 0x00, 0x00, 0xaa, 0x52, 0x00, 0x00,
  0x00, 0x00, 0x00, 0x00, 0x4b, 0x3a, 0xed, 0x52, 0x12, 0x74, 0x32, 0x7c, 0x12, 0x74, 0x12, 0x74, 0x12, 0x74, 0x32, 0x7c, 0x32, 0x7c, 0x32, 0x7c,
  0x32, 0x7c, 0x32, 0x7c, 0x32, 0x7c, 0x32, 0x7c, 0x32, 0x7c, 0x32, 0x7c, 0x32, 0x7c, 0x32, 0x7c, 0xed, 0x52, 0xaa, 0x52, 0x00, 0x00, 0x00, 0x00,
  0x8c, 0x31, 0x00, 0x00, 0x8c, 0x4a, 0xd1, 0x6b, 0x32, 0x7c, 0x12, 0x74, 0x32, 0x7c, 0x32, 0x7c, 0x32, 0x7c, 0x32, 0x7c, 0x32, 0x7c, 0x32, 0x7c,
  0x32, 0x7c, 0x32, 0x7c, 0x32, 0x7c, 0x32, 0x7c, 0x32, 0x7c, 0x32, 0x7c, 0x32, 0x7c, 0x32, 0x7c, 0x0e, 0x53, 0xea, 0x39, 0x00, 0x00, 0x00, 0x00,
  0xaa, 0x52, 0x00, 0x00, 0xcd, 0x52, 0x12, 0x74, 0x32, 0x7c, 0x32, 0x7c, 0x32, 0x7c, 0x32, 0x7c, 0x32, 0x7c, 0x32, 0x7c, 0x32, 0x7c, 0x32, 0x7c,
  0x32, 0x7c, 0x32, 0x7c, 0x32, 0x7c, 0x32, 0x7c, 0x32, 0x7c, 0x32, 0x7c, 0x32, 0x7c, 0x32, 0x7c, 0xd1, 0x6b, 0xcd, 0x52, 0xaa, 0x3a, 0xef, 0x03,
  0x00, 0x00, 0x00, 0x00, 0xed, 0x52, 0x32, 0x7c, 0x32, 0x7c, 0x32, 0x7c, 0x32, 0x7c, 0x32, 0x7c, 0x32, 0x7c, 0x32, 0x7c, 0x32, 0x7c, 0x32, 0x7c,
  0x32, 0x7c, 0x32, 0x7c, 0x32, 0x7c, 0x32, 0x7c, 0x32, 0x7c, 0x32, 0x7c, 0x32, 0x7c, 0x12, 0x74, 0x53, 0x7c, 0xd1, 0x6b, 0xac, 0x4a, 0x00, 0x00,
  0xaa, 0x52, 0x00, 0x00, 0xcd, 0x52, 0x32, 0x7c, 0x32, 0x7c, 0x32, 0x7c, 0x32, 0x7c, 0x32, 0x7c, 0x32, 0x7c, 0x32, 0x7c, 0x32, 0x7c, 0x32, 0x7c,
  0x32, 0x7c, 0x32, 0x7c, 0x32, 0x7c, 0x32, 0x7c, 0x32, 0x7c, 0x32, 0x7c, 0x32, 0x7c, 0x32, 0x7c, 0x32, 0x7c, 0x32, 0x7c, 0xed, 0x52, 0xaa, 0x52,
  0xef, 0x39, 0x00, 0x00, 0xac, 0x4a, 0xb0, 0x6b, 0x32, 0x7c, 0x12, 0x74, 0x32, 0x7c, 0x32, 0x7c, 0x32, 0x7c, 0x32, 0x7c, 0x32, 0x7c, 0x32, 0x7c,
  0x32, 0x7c, 0x32, 0x7c, 0x32, 0x7c, 0x32, 0x7c, 0x32, 0x7c, 0x32, 0x7c, 0x32, 0x7c, 0x32, 0x7c, 0x32, 0x7c, 0x32, 0x7c, 0x0e, 0x5b, 0xe7, 0x31,
  0xef, 0x39, 0x00, 0x00, 0x8b, 0x42, 0x90, 0x63, 0x32, 0x7c, 0x12, 0x74, 0x32, 0x7c, 0x32, 0x7c, 0x32, 0x7c, 0x32, 0x7c, 0x32, 0x7c, 0x32, 0x7c,
  0x32, 0x7c, 0x32, 0x7c, 0x32, 0x7c, 0x32, 0x7c, 0x32, 0x7c, 0x32, 0x7c, 0x32, 0x7c, 0x32, 0x7c, 0x32, 0x7c, 0x32, 0x7c, 0xed, 0x52, 0xc7, 0x39,
  0x2c, 0x33, 0x00, 0x00, 0xac, 0x4a, 0xf1, 0x73, 0x32, 0x7c, 0x12, 0x74, 0x12, 0x74, 0x12, 0x74, 0x12, 0x74, 0x12, 0x74, 0x12, 0x74, 0x12, 0x74,
  0x32, 0x74, 0x32, 0x7c, 0x12, 0x74, 0x12, 0x74, 0x12, 0x74, 0x32, 0x7c, 0x32, 0x7c, 0x12, 0x74, 0x32, 0x7c, 0x12, 0x74, 0xac, 0x4a, 0x00, 0x00,
  0xaa, 0x52, 0x00, 0x00, 0x8c, 0x42, 0x6f, 0x63, 0x32, 0x7c, 0x32, 0x7c, 0x32, 0x7c, 0x32, 0x7c, 0x32, 0x7c, 0x32, 0x7c, 0x32, 0x7c, 0x33, 0x7c,
  0x31, 0x84, 0x4f, 0x8c, 0x33, 0x7c, 0x32, 0x7c, 0x53, 0x7c, 0x32, 0x7c, 0x32, 0x7c, 0x32, 0x7c, 0x12, 0x74, 0x0d, 0x53, 0x8b, 0x4a, 0x00, 0x00,
  0x00, 0x00, 0x0f, 0x00, 0x00, 0x00, 0xac, 0x4a, 0x4f, 0x5b, 0xb0, 0x6b, 0xb0, 0x6b, 0xb0, 0x6b, 0xb0, 0x6b, 0xb0, 0x6b, 0xb0, 0x6b, 0x91, 0x63,
  0x0b, 0x94, 0xed, 0x83, 0x91, 0x63, 0xb0, 0x6b, 0xb0, 0x6b, 0x12, 0x74, 0x12, 0x74, 0xd1, 0x6b, 0x0d, 0x53, 0x8b, 0x4a, 0x00, 0x00, 0xef, 0x03,
  0x00, 0x00, 0x00, 0x00, 0x00, 0x00, 0x00, 0x00, 0x6b, 0x42, 0xac, 0x4a, 0x8b, 0x4a, 0x8c, 0x4a, 0x8c, 0x4a, 0x8c, 0x4a, 0x8b, 0x4a, 0x4b, 0x42,
  0xe2, 0xcc, 0x29, 0x6b, 0x6c, 0x42, 0x8b, 0x42, 0xac, 0x4a, 0xcd, 0x4a, 0xcd, 0x4a, 0xac, 0x4a, 0x6b, 0x3a, 0x00, 0x00, 0xef, 0x7b, 0x00, 0x00,
  0x00, 0x00, 0x00, 0x00, 0x00, 0x00, 0xef, 0x7b, 0x00, 0x00, 0x00, 0x00, 0x00, 0x00, 0x00, 0x00, 0x00, 0x00, 0x00, 0x00, 0x00, 0x00, 0x40, 0xff,
  0xe0, 0xfd, 0x00, 0x00, 0x00, 0x00, 0x00, 0x00, 0x00, 0x00, 0x00, 0x00, 0x00, 0x00, 0x00, 0x00, 0x00, 0x00, 0xaa, 0x52, 0x00, 0x00, 0x00, 0x00,
  0x00, 0x00, 0x00, 0x00, 0x00, 0x00, 0x00, 0x00, 0xef, 0x7b, 0xef, 0x39, 0xe7, 0x39, 0xe7, 0x39, 0xe7, 0x39, 0xe3, 0x9b, 0xaa, 0x52, 0xe0, 0xf5,
  0x80, 0xfe, 0x20, 0xf6, 0x41, 0xe5, 0xe7, 0x39, 0xea, 0x7b, 0xef, 0x39, 0xef, 0x39, 0xef, 0x39, 0x1f, 0x00, 0x00, 0x00, 0x00, 0x00, 0x00, 0x00,
  0x00, 0x00, 0x00, 0x00, 0x00, 0x00, 0x00, 0x00, 0x00, 0x00, 0x00, 0x00, 0x00, 0x00, 0x00, 0x00, 0x00, 0x00, 0xe0, 0xff, 0xe0, 0xb9, 0x40, 0xfe,
  0x60, 0xff, 0x60, 0xfe, 0xc0, 0xe4, 0x00, 0x00, 0xe0, 0xff, 0x00, 0x00, 0x00, 0x00, 0x00, 0x00, 0x00, 0x00, 0x00, 0x00, 0x00, 0x00, 0x00, 0x00,
  0x00, 0x00, 0x00, 0x00, 0x00, 0x00, 0x00, 0x00, 0x00, 0x00, 0x00, 0x00, 0x00, 0x00, 0x00, 0x00, 0xe0, 0xfd, 0x00, 0x00, 0xc0, 0xf5, 0x40, 0xff,
  0x20, 0xff, 0x00, 0xf6, 0x00, 0x00, 0xe0, 0xfd, 0x00, 0x00, 0x00, 0x00, 0x00, 0x00, 0x00, 0x00, 0x00, 0x00, 0x00, 0x00, 0x00, 0x00, 0x00, 0x00,
  0x00, 0x00, 0x00, 0x00, 0x00, 0x00, 0x00, 0x00, 0x00, 0x00, 0x00, 0x00, 0x00, 0x00, 0x00, 0x00, 0xe0, 0xfb, 0x00, 0x00, 0xa0, 0xf5, 0x40, 0xfe,
  0x60, 0xfe, 0xe0, 0xf5, 0x00, 0x00, 0xe0, 0xff, 0x00, 0x00, 0x00, 0x00, 0x00, 0x00, 0x00, 0x00, 0x00, 0x00, 0x00, 0x00, 0x00, 0x00, 0x00, 0x00,
  0x00, 0x00, 0x00, 0x00, 0x00, 0x00, 0x00, 0x00, 0x00, 0x00, 0x00, 0x00, 0x00, 0x00, 0x00, 0x00, 0x00, 0x00, 0xe0, 0xff, 0x00, 0x00, 0x40, 0xec,
  0x00, 0xf6, 0x00, 0xe5, 0x00, 0x00, 0x00, 0x00, 0x00, 0x00, 0x00, 0x00, 0x00, 0x00, 0x00, 0x00, 0x00, 0x00, 0x00, 0x00, 0x00, 0x00, 0x00, 0x00,
  0x00, 0x00, 0x00, 0x00, 0x00, 0x00, 0x00, 0x00, 0x00, 0x00, 0x00, 0x00, 0x00, 0x00, 0x00, 0x00, 0x00, 0x00, 0xe0, 0xff, 0xe0, 0xff, 0xe0, 0xf5,
  0xe0, 0xf5, 0x00, 0x00, 0xe0, 0xbd, 0x00, 0x00, 0x00, 0x00, 0x00, 0x00, 0x00, 0x00, 0x00, 0x00, 0x00, 0x00, 0x00, 0x00, 0x00, 0x00, 0x00, 0x00,
  0x00, 0x00, 0x00, 0x00, 0x00, 0x00, 0x00, 0x00, 0x00, 0x00, 0x00, 0x00, 0x00, 0x00, 0x00, 0x00, 0x00, 0x00, 0xe0, 0xfd, 0x00, 0x00, 0xa0, 0xf5,
  0x80, 0xf5, 0x00, 0x00, 0x40, 0xad, 0x00, 0x00, 0x00, 0x00, 0x00, 0x00, 0x00, 0x00, 0x00, 0x00, 0x00, 0x00, 0x00, 0x00, 0x00, 0x00, 0x00, 0x00,
  0x00, 0x00, 0x00, 0x00, 0x00, 0x00, 0x00, 0x00, 0x00, 0x00, 0x00, 0x00, 0x00, 0x00, 0x00, 0x00, 0x00, 0x00, 0xe0, 0xff, 0x00, 0x00, 0x40, 0xed,
  0xe0, 0xdc, 0x00, 0x00, 0x00, 0x00, 0x00, 0x00, 0x00, 0x00, 0x00, 0x00, 0x00, 0x00, 0x00, 0x00, 0x00, 0x00, 0x00, 0x00, 0x00, 0x00, 0x00, 0x00,
  0x00, 0x00, 0x00, 0x00, 0x00, 0x00, 0x00, 0x00, 0x00, 0x00, 0x00, 0x00, 0x00, 0x00, 0x00, 0x00, 0x00, 0x00, 0x00, 0x00, 0x00, 0xe5, 0xa0, 0xec,
  0x00, 0x00, 0xe0, 0xff, 0x00, 0x00, 0x00, 0x00, 0x00, 0x00, 0x00, 0x00, 0x00, 0x00, 0x00, 0x00, 0x00, 0x00, 0x00, 0x00, 0x00, 0x00, 0x00, 0x00,
  0x00, 0x00, 0x00, 0x02, 0x00, 0x00, 0x15, 0x33, 0x4b, 0xee, 0xfe, 0xfe, 0xff, 0xff, 0xff, 0xff, 0xff, 0xfc, 0xff, 0x99, 0x00, 0x03, 0x00, 0x00,
  0x00, 0x00, 0x02, 0x00, 0x20, 0xa3, 0xe7, 0xfd, 0xff, 0xff, 0xff, 0xff, 0xff, 0xff, 0xff, 0xff, 0xff, 0xff, 0xfd, 0xff, 0x3e, 0x00, 0x03, 0x00,
  0x00, 0x02, 0x00, 0x2e, 0xe8, 0xff, 0xff, 0xff, 0xff, 0xfe, 0xff, 0xff, 0xff, 0xff, 0xff, 0xff, 0xff, 0xff, 0xfb, 0xff, 0xa6, 0x00, 0x03, 0x00,
  0x01, 0x01, 0x11, 0xe1, 0xff, 0xfa, 0xfe, 0xff, 0xff, 0xff, 0xff, 0xff, 0xff, 0xff, 0xff, 0xff, 0xff, 0xff, 0xfe, 0xff, 0xe1, 0x06, 0x01, 0x00,
  0x05, 0x00, 0x71, 0xff, 0xfa, 0xff, 0xff, 0xff, 0xff, 0xff, 0xff, 0xff, 0xff, 0xff, 0xff, 0xff, 0xff, 0xff, 0xfe, 0xfe, 0xf3, 0x1c, 0x00, 0x02,
  0x03, 0x00, 0xba, 0xfe, 0xfc, 0xff, 0xff, 0xff, 0xff, 0xff, 0xff, 0xff, 0xff, 0xff, 0xff, 0xff, 0xff, 0xff, 0xff, 0xfd, 0xfe, 0xc7, 0x09, 0x02,
  0x01, 0x00, 0xd3, 0xff, 0xfd, 0xff, 0xff, 0xff, 0xff, 0xff, 0xff, 0xff, 0xff, 0xff, 0xff, 0xff, 0xff, 0xff, 0xff, 0xff, 0xfb, 0xff, 0x7b, 0x00,
  0x03, 0x00, 0xc3, 0xff, 0xfc, 0xff, 0xff, 0xff, 0xff, 0xff, 0xff, 0xff, 0xff, 0xff, 0xff, 0xff, 0xff, 0xff, 0xff, 0xff, 0xfd, 0xfd, 0xd0, 0x03,
  0x04, 0x00, 0x79, 0xff, 0xfb, 0xff, 0xff, 0xff, 0xff, 0xff, 0xff, 0xff, 0xff, 0xff, 0xff, 0xff, 0xff, 0xff, 0xff, 0xff, 0xfe, 0xff, 0xec, 0x14,
  0x04, 0x00, 0x59, 0xff, 0xfc, 0xff, 0xff, 0xff, 0xff, 0xff, 0xff, 0xff, 0xff, 0xff, 0xff, 0xff, 0xff, 0xff, 0xff, 0xff, 0xfe, 0xfe, 0xdd, 0x09,
  0x05, 0x00, 0x89, 0xfd, 0xfa, 0xff, 0xff, 0xff, 0xff, 0xff, 0xff, 0xff, 0xff, 0xff, 0xff, 0xff, 0xff, 0xff, 0xff, 0xff, 0xfa, 0xff, 0xa0, 0x00,
  0x03, 0x00, 0x44, 0xff, 0xfe, 0xfb, 0xfc, 0xfc, 0xfc, 0xfc, 0xfc, 0xfc, 0xfe, 0xfc, 0xfc, 0xfc, 0xfb, 0xfb, 0xfb, 0xfa, 0xff, 0xf4, 0x26, 0x01,
  0x00, 0x02, 0x00, 0x8b, 0xfe, 0xff, 0xff, 0xff, 0xff, 0xff, 0xff, 0xff, 0xff, 0xff, 0xff, 0xff, 0xff, 0xff, 0xff, 0xff, 0xe2, 0x43, 0x00, 0x02,
  0x00, 0x00, 0x01, 0x00, 0x31, 0x55, 0x54, 0x55, 0x55, 0x55, 0x56, 0x58, 0xbd, 0x5e, 0x56, 0x56, 0x6a, 0xa3, 0xa3, 0x68, 0x14, 0x00, 0x02, 0x00,
  0x00, 0x00, 0x00, 0x02, 0x00, 0x00, 0x00, 0x00, 0x00, 0x00, 0x00, 0x27, 0x9f, 0x00, 0x00, 0x00, 0x00, 0x00, 0x00, 0x00, 0x00, 0x03, 0x00, 0x00,
  0x00, 0x00, 0x00, 0x00, 0x02, 0x04, 0x04, 0x04, 0x04, 0x08, 0x03, 0x89, 0xde, 0xaf, 0x32, 0x04, 0x06, 0x04, 0x04, 0x04, 0x01, 0x00, 0x00, 0x00,
  0x00, 0x00, 0x00, 0x00, 0x00, 0x00, 0x00, 0x00, 0x00, 0x01, 0x04, 0xd7, 0xff, 0xf7, 0x14, 0x00, 0x01, 0x00, 0x00, 0x00, 0x00, 0x00, 0x00, 0x00,
  0x00, 0x00, 0x00, 0x00, 0x00, 0x00, 0x00, 0x00, 0x04, 0x00, 0x5b, 0xff, 0xff, 0x90, 0x00, 0x04, 0x00, 0x00, 0x00, 0x00, 0x00, 0x00, 0x00, 0x00,
  0x00, 0x00, 0x00, 0x00, 0x00, 0x00, 0x00, 0x00, 0x02, 0x00, 0x50, 0x80, 0xee, 0x45, 0x00, 0x03, 0x00, 0x00, 0x00, 0x00, 0x00, 0x00, 0x00, 0x00,
  0x00, 0x00, 0x00, 0x00, 0x00, 0x00, 0x00, 0x00, 0x00, 0x01, 0x00, 0x0d, 0xd4, 0x0b, 0x00, 0x00, 0x00, 0x00, 0x00, 0x00, 0x00, 0x00, 0x00, 0x00,
  0x00, 0x00, 0x00, 0x00, 0x00, 0x00, 0x00, 0x00, 0x00, 0x03, 0x02, 0x59, 0x95, 0x00, 0x04, 0x00, 0x00, 0x00, 0x00, 0x00, 0x00, 0x00, 0x00, 0x00,
  0x00, 0x00, 0x00, 0x00, 0x00, 0x00, 0x00, 0x00, 0x00, 0x04, 0x00, 0x79, 0x47, 0x00, 0x03, 0x00, 0x00, 0x00, 0x00, 0x00, 0x00, 0x00, 0x00, 0x00,
  0x00, 0x00, 0x00, 0x00, 0x00, 0x00, 0x00, 0x00, 0x00, 0x01, 0x00, 0x71, 0x10, 0x00, 0x00, 0x00, 0x00, 0x00, 0x00, 0x00, 0x00, 0x00, 0x00, 0x00,
  0x00, 0x00, 0x00, 0x00, 0x00, 0x00, 0x00, 0x00, 0x00, 0x00, 0x0b, 0x44, 0x00, 0x01, 0x00, 0x00, 0x00, 0x00, 0x00, 0x00, 0x00, 0x00, 0x00, 0x00,
};
const lv_image_dsc_t wx_storm = {
  .header = {.magic = LV_IMAGE_HEADER_MAGIC, .cf = LV_COLOR_FORMAT_RGB565A8, .flags = 0, .w = 24, .h = 24, .stride = 48, .reserved_2 = 0},
  .data_size = 1728,
  .data = wx_storm_map,
};
